"id","downpmt","pmttype","use","age","gender","default"
"18005",200,1,6,56,"Male",0
"21872",322.5,3,1,0,"Female",0
"19005",874,1,0,45,"Male",0
"22129",250,5,1,50,"Female",0
"11399",100,5,0,26,"Male",0
"4155",35,1,0,53,"Female",0
"8118",250,1,0,34,"Female",0
"12715",5,3,0,38,"Male",0
"18169",100,3,6,20,"Male",0
"24710",30,4,1,17,"Female",0
"863",5,1,0,33,"Female",1
"3804",100,4,0,30,"Female",0
"18365",300,4,0,27,"Male",0
"29",75,1,0,30,"Female",1
"9765",50,1,2,27,"Male",0
"11544",5,4,0,24,"Female",0
"9688",694.43,1,0,28,"Male",0
"10046",125,4,1,27,"Female",0
"4467",100,1,5,28,"Female",0
"23750",20,3,1,19,"Male",0
"11323",947.13,1,2,29,"Male",0
"8154",75,1,0,19,"Female",0
"24091",1153,3,5,27,"Female",0
"17654",150,4,0,26,"Female",0
"16082",250,4,1,36,"Male",0
"9727",50,4,3,42,"Female",0
"17428",29,4,5,35,"Female",0
"13574",150,5,1,21,"Female",0
"5650",50,1,0,43,"Female",0
"12088",175,4,5,24,"Female",0
"19782",100,1,1,33,"Female",0
"150",51,1,0,28,"Female",1
"4683",100,1,0,36,"Female",0
"17007",150,3,1,23,"Female",0
"9231",200,3,0,33,"Male",0
"9019",5,4,0,24,"Female",0
"21667",100,3,0,24,"Male",0
"22548",175,3,5,32,"Male",0
"15397",100,1,4,41,"Female",0
"3343",20,3,0,32,"Female",0
"19504",50,4,0,32,"Male",0
"10702",150,4,0,34,"Female",0
"23120",1148,5,6,45,"Male",0
"19279",75,5,3,58,"Female",0
"6475",1239.68,1,0,3,"Female",0
"8009",100,4,7,22,"Male",0
"1501",50,1,1,21,"Female",1
"1084",150,4,0,30,"Female",1
"1373",1,1,1,23,"Female",1
"15593",5,4,0,37,"Male",0
"24040",75,5,1,26,"Male",0
"20620",75,4,4,44,"Female",0
"7852",249,1,3,26,"Male",0
"5310",150,4,0,39,"Female",0
"18255",5,4,6,29,"Male",0
"12442",19,5,1,27,"Female",0
"18186",5,1,6,19,"Male",0
"2002",27,5,0,31,"Male",1
"10853",5,3,0,34,"Male",0
"5895",633.44,1,0,43,"Female",0
"19722",100,4,1,22,"Female",0
"6445",366.5,5,1,21,"Male",0
"24564",25,3,5,18,"Male",0
"18856",3850,1,0,3,"Female",0
"24408",25,4,0,20,"Male",0
"5454",150,4,6,32,"Female",0
"23632",250,4,2,46,"Male",0
"3723",1104,3,3,52,"Male",0
"14954",439,1,6,28,"Female",0
"23572",150,5,3,29,"Female",0
"17144",75,3,0,25,"Female",0
"12590",30,1,0,34,"Male",0
"9288",75,1,0,32,"Female",0
"8363",19,1,3,29,"Male",0
"1202",46,1,1,33,"Male",1
"15412",249,1,2,25,"Male",0
"23940",100,5,3,22,"Female",0
"16308",20,5,1,31,"Male",0
"12705",50,5,3,34,"Female",0
"3737",25,4,6,47,"Female",0
"21670",75,4,5,23,"Female",0
"12807",5,5,7,22,"Male",0
"216",75,1,1,24,"Female",1
"478",150,1,0,29,"Female",1
"3598",100,4,0,14,"Male",0
"7593",100,4,0,24,"Male",0
"20550",150,4,0,27,"Male",0
"12503",20,1,1,30,"Male",0
"19999",19,5,5,20,"Female",0
"1510",25,1,1,19,"Female",1
"23093",150,5,4,42,"Female",0
"20111",100,5,5,22,"Female",0
"1962",30,3,0,26,"Male",1
"14953",40,5,0,44,"Female",0
"17785",350,1,0,27,"Male",0
"12785",75,5,6,53,"Female",0
"17916",300,5,0,39,"Male",0
"18658",100,3,5,23,"Male",0
"2380",20,4,0,20,"Male",1
"9897",1,4,1,41,"Male",0
"7325",1201.32,1,0,36,"Male",0
"15354",50,4,0,44,"Male",0
"24234",75,3,3,26,"Male",0
"15377",100,3,0,2,"Female",0
"12967",100,3,8,22,"Female",0
"22446",552,3,3,34,"Male",0
"15853",25,4,0,24,"Female",0
"21494",75,5,3,19,"Female",0
"6245",50,4,1,43,"Male",0
"5348",464.39,1,0,52,"Female",0
"15155",275,5,1,26,"Female",0
"9534",1895,1,0,35,"Male",0
"18779",50,4,3,40,"Female",0
"9442",1298.61,1,0,67,"Male",0
"19764",5,4,0,27,"Female",0
"22516",275,5,6,26,"Female",0
"24462",25,3,0,29,"Female",0
"14616",25,5,6,23,"Male",0
"236",37,1,0,28,"Female",1
"7974",150,4,1,55,"Female",0
"13906",100,4,0,30,"Male",0
"12798",19,3,3,19,"Female",0
"2230",5,1,0,60,"Male",1
"16981",249,1,6,22,"Male",0
"17644",20,5,0,29,"Female",0
"19886",150,3,3,28,"Male",0
"23460",450,3,5,18,"Female",0
"4638",150,4,1,43,"Male",0
"6924",149,1,0,41,"Male",0
"19238",75,4,8,30,"Female",0
"832",5,1,0,23,"Female",1
"16694",250,4,0,34,"Female",0
"20192",5,3,5,39,"Female",0
"16475",100,4,0,24,"Female",0
"23462",200,3,1,20,"Female",0
"21732",50,3,0,26,"Male",0
"17323",150,3,7,32,"Male",0
"4597",1851.14,1,1,42,"Female",0
"2423",50,3,1,27,"Male",1
"20062",150,4,7,0,"Male",0
"12959",29,4,3,33,"Female",0
"17224",5,3,0,28,"Male",0
"5373",917.96,1,6,51,"Male",0
"15643",20,4,0,28,"Male",0
"3651",300,5,6,3,"Female",0
"23814",200,4,1,26,"Male",0
"24584",30,3,NA,49,"Male",0
"12326",952.94,1,7,28,"Female",0
"22833",425,5,7,24,"Male",0
"9239",19,3,0,31,"Male",0
"20532",100,3,0,29,"Female",0
"13878",1577,1,1,17,"Female",0
"19751",150,5,6,29,"Female",0
"8738",50,4,0,20,"Male",0
"5176",1226.16,1,0,27,"Male",0
"19479",19,4,1,35,"Male",0
"16953",100,4,5,44,"Female",0
"10722",86,5,7,37,"Male",0
"21006",1,4,6,26,"Female",0
"14938",176,5,0,22,"Female",0
"18380",350,5,1,56,"Male",0
"14762",100,1,6,19,"Female",0
"21130",125,4,1,35,"Male",0
"20195",150,1,1,28,"Male",0
"9439",200,4,5,17,"Male",0
"12215",150,5,0,33,"Male",0
"24645",100,4,1,28,"Female",0
"4319",529.34,1,1,71,"Female",0
"20697",300,5,5,45,"Male",0
"9819",150,3,0,43,"Male",0
"24038",40,3,4,28,"Female",0
"4669",0,1,0,24,"Male",0
"18583",1,5,4,24,"Female",0
"7651",1,3,0,24,"Male",0
"9402",200,5,1,23,"Female",0
"18619",100,5,4,24,"Female",0
"17464",50,5,5,21,"Male",0
"22829",426.93,3,7,29,"Female",0
"19721",150,3,6,29,"Female",0
"20558",100,5,4,24,"Female",0
"24970",5,5,0,31,"Female",0
"10165",100,4,1,38,"Male",0
"4866",5,1,0,21,"Female",0
"6432",858,1,4,34,"Female",0
"24058",25,3,3,19,"Male",0
"20121",175,4,4,25,"Female",0
"8617",250,1,0,29,"Male",0
"23260",275,5,1,27,"Female",0
"4050",300,5,1,42,"Female",0
"3887",100,1,0,40,"Male",0
"18690",29,5,4,37,"Female",0
"21960",442,3,0,37,"Male",0
"7603",892.32,1,0,31,"Male",0
"7710",120,1,0,40,"Male",0
"24398",200,3,6,21,"Female",0
"172",25,3,0,24,"Female",1
"6798",19,1,1,23,"Male",0
"19774",100,3,3,17,"Male",0
"6038",1048,1,0,0,"Female",0
"11355",5,1,3,0,"Male",0
"14583",25,1,0,21,"Male",0
"22114",450,5,3,25,"Female",0
"3067",0,3,0,20,"Male",0
"12716",50,1,4,35,"Male",0
"16440",100,4,7,27,"Female",0
"18963",150,5,1,43,"Female",0
"2295",20,1,0,20,"Female",1
"1676",150,1,0,26,"Male",1
"13773",150,4,6,24,"Female",0
"16131",300,5,1,2,"Female",0
"7330",175,5,0,39,"Male",0
"24834",100,5,1,46,"Male",0
"9353",100,4,0,0,"Male",0
"6462",19,4,5,22,"Male",0
"23280",150,4,0,19,"Male",0
"10669",100,3,0,28,"Female",0
"8098",102.96,1,1,37,"Male",0
"13244",100,4,0,45,"Male",0
"15497",10,4,0,24,"Male",0
"4219",500,4,0,39,"Female",0
"2707",150,3,0,2,"Female",1
"2656",25,3,2,29,"Male",1
"2296",19,3,0,30,"Male",1
"13232",50,4,1,3,"Female",0
"22187",1347,3,0,0,"Male",0
"17574",30,3,3,27,"Female",0
"22434",75,3,6,19,"Male",0
"10808",1,1,0,26,"Female",0
"11578",19,4,7,25,"Female",0
"14802",584.99,1,1,2,"Female",0
"7591",150,4,0,23,"Female",0
"14154",300,5,0,37,"Female",0
"11857",200,4,0,36,"Female",0
"17236",150,5,1,48,"Male",0
"18192",50,3,1,52,"Male",0
"12780",50,1,6,31,"Female",0
"24378",150,3,4,21,"Male",0
"22709",499,3,0,19,"Female",0
"11688",25,1,6,26,"Male",0
"9416",1397,1,0,44,"Female",0
"23222",25,3,1,50,"Female",0
"23361",75,3,6,33,"Male",0
"22429",200,5,1,36,"Male",0
"19400",50,4,6,26,"Female",0
"15490",100,3,6,31,"Female",0
"16709",100,3,6,28,"Male",0
"23174",25,3,1,29,"Male",0
"13218",125,5,3,43,"Male",0
"8328",160,4,1,19,"Male",0
"19551",5,4,3,26,"Male",0
"3048",0,3,NA,99,"Female",0
"23714",80,3,4,24,"Male",0
"804",5,1,0,25,"Female",1
"6421",20,4,7,23,"Male",0
"24939",120,3,0,18,"Female",0
"20904",75,3,0,22,"Male",0
"417",25,1,0,48,"Female",1
"4540",1,4,1,25,"Female",0
"2864",25,3,1,20,"Male",1
"11825",5,4,2,27,"Male",0
"23473",300,5,1,24,"Male",0
"20408",25,3,3,19,"Male",0
"20057",100,4,0,0,"Female",0
"22630",75,4,7,31,"Male",0
"17302",349,1,5,41,"Male",0
"2052",50,3,NA,34,"Male",1
"2918",19,1,0,34,"Female",1
"19610",3750,3,0,3,"Male",0
"24610",125,4,0,24,"Female",0
"17073",50,3,0,53,"Female",0
"3641",299,3,6,26,"Female",0
"7853",125,5,2,24,"Female",0
"3854",200,3,0,33,"Female",0
"24585",250,5,3,30,"Male",0
"18482",200,4,5,47,"Male",0
"9709",489.5,1,0,50,"Male",0
"13619",50,5,1,43,"Female",0
"727",800,1,0,25,"Male",1
"8306",200,3,0,34,"Male",0
"21199",140,1,6,2,"Female",0
"3139",249,1,0,30,"Female",0
"19546",100,4,0,30,"Male",0
"2417",19,3,1,21,"Female",1
"473",50,1,1,25,"Male",1
"6816",197,1,1,51,"Male",0
"10152",150,3,6,18,"Female",0
"1647",5,3,1,23,"Female",1
"19665",275,4,0,35,"Male",0
"12500",5,3,1,35,"Male",0
"12803",75,3,6,28,"Male",0
"17415",119,1,1,20,"Male",0
"20528",25,3,7,44,"Male",0
"1504",25,1,0,33,"Male",1
"8314",100,4,3,4,"Female",0
"19801",100,3,1,22,"Male",0
"6997",250,5,0,35,"Female",0
"24884",300,4,1,23,"Male",0
"5308",699,1,0,34,"Male",0
"13700",75,3,3,29,"Male",0
"384",0,1,0,24,"Male",1
"1301",75,1,0,22,"Female",1
"14772",100,5,0,40,"Female",0
"17476",150,3,0,18,"Female",0
"16122",300,5,5,45,"Male",0
"14246",150,4,0,2,"Female",0
"16734",150,5,1,23,"Male",0
"5180",100,1,0,4,"Female",0
"5846",100,1,0,28,"Male",0
"11267",100,5,6,33,"Male",0
"8391",18.98,1,6,39,"Female",0
"9889",250,4,0,32,"Female",0
"10648",150,1,0,27,"Male",0
"23563",5,4,3,28,"Female",0
"5482",0,1,0,23,"Male",0
"9009",200,3,0,35,"Male",0
"21762",250,5,1,20,"Female",0
"12996",150,5,0,43,"Female",0
"14443",499,1,1,18,"Male",0
"6354",1598.85,1,6,39,"Female",0
"21423",5,5,3,24,"Female",0
"7715",914.16,1,0,42,"Male",0
"16589",75,1,0,23,"Female",0
"15263",100,1,6,21,"Male",0
"9948",150,5,1,28,"Male",0
"9969",25,5,4,28,"Male",0
"23722",125,5,7,3,"Female",0
"7765",841.36,1,0,35,"Female",0
"392",5,1,0,22,"Male",1
"3960",969,1,6,40,"Male",0
"5651",5,1,7,26,"Female",0
"9599",100,1,1,31,"Female",0
"20926",275,5,6,37,"Female",0
"18153",50,1,0,23,"Male",0
"16630",36,5,7,24,"Male",0
"2650",50,3,1,19,"Female",1
"1464",20,1,0,23,"Male",1
"23683",700,5,1,41,"Male",0
"17979",1,4,1,28,"Male",0
"12086",150,5,0,56,"Female",0
"21704",100,5,1,42,"Male",0
"14270",40,5,3,19,"Female",0
"17105",899,3,7,38,"Female",0
"22442",1328,3,6,58,"Female",0
"20639",75,3,5,46,"Male",0
"12670",161.29,1,0,0,"Female",0
"15433",19,5,0,20,"Female",0
"19585",200,5,5,57,"Female",0
"23245",50,3,5,47,"Female",0
"1092",19,1,1,22,"Male",1
"18556",100,3,1,27,"Male",0
"16862",100,3,2,21,"Male",0
"15326",100,5,1,34,"Female",0
"24463",150,3,0,27,"Male",0
"15652",50,1,3,0,"Female",0
"16150",50,1,3,22,"Female",0
"17910",50,3,0,2,"Female",0
"14407",150,4,0,23,"Male",0
"14163",528.94,1,7,22,"Male",0
"855",125,1,0,44,"Female",1
"19374",150,3,1,20,"Male",0
"4455",50,4,0,32,"Male",0
"4144",100,5,1,20,"Female",0
"11826",5,1,0,22,"Female",0
"5970",1134.45,1,1,37,"Male",0
"8432",100,3,3,0,"Female",0
"24952",75,5,6,21,"Male",0
"21431",0,3,5,35,"Male",0
"6251",125,4,0,20,"Female",0
"24935",25,3,0,43,"Male",0
"14062",150,4,0,25,"Female",0
"13052",200,4,0,41,"Male",0
"19303",1294.8,3,0,2,"Male",0
"22807",25,3,1,19,"Male",0
"15295",349,1,5,39,"Male",0
"15889",75,3,2,33,"Female",0
"10687",25,4,8,21,"Female",0
"10631",1128,1,4,54,"Male",0
"23986",150,5,6,51,"Male",0
"7570",100,1,0,23,"Male",0
"11245",1276.08,1,0,29,"Female",0
"17380",299,1,3,23,"Male",0
"19947",250,5,6,38,"Male",0
"7544",489,1,0,30,"Male",0
"16675",100,4,0,38,"Female",0
"19287",25,3,2,32,"Male",0
"21152",300,5,1,37,"Female",0
"15203",125,5,1,24,"Female",0
"4636",50,3,0,30,"Male",0
"22250",150,5,3,22,"Female",0
"790",50,1,0,24,"Male",1
"19366",75,3,1,23,"Male",0
"21005",75,5,0,28,"Male",0
"19730",100,3,3,2,"Female",0
"4130",25,3,6,37,"Male",0
"8080",50,1,0,58,"Male",0
"4901",320.47,4,3,39,"Male",0
"8051",25,5,1,25,"Female",0
"9355",1676,1,3,26,"Male",0
"12419",75,1,7,22,"Male",0
"3097",19,1,0,58,"Female",0
"1855",40,1,0,29,"Female",1
"11658",100,5,0,25,"Male",0
"6502",100,1,4,39,"Female",0
"5670",125,4,0,4,"Female",0
"14650",439,1,1,44,"Male",0
"3905",100,5,5,20,"Female",0
"21008",25,3,1,25,"Male",0
"5834",75,3,0,24,"Female",0
"19583",30,5,4,17,"Female",0
"1929",50,1,0,23,"Male",1
"13312",50,5,6,24,"Male",0
"17612",50,5,2,0,"Female",0
"1002",25,1,0,34,"Male",1
"629",25,1,0,33,"Male",1
"18191",1770,1,0,24,"Male",0
"18915",150,4,0,28,"Male",0
"13230",200,5,0,34,"Female",0
"9532",175,3,0,30,"Female",0
"11528",50,3,3,30,"Male",0
"3008",249,3,3,17,"Male",0
"20612",75,3,4,20,"Male",0
"6566",100,4,1,33,"Male",0
"4791",5,1,5,22,"Male",0
"6170",40,1,0,26,"Female",0
"9554",100,3,0,0,"Female",0
"20711",150,4,5,20,"Female",0
"24073",75,4,1,37,"Female",0
"7520",150,5,0,24,"Male",0
"6638",1296.99,1,1,36,"Male",0
"15291",150,1,1,0,"Female",0
"15313",19,5,0,41,"Female",0
"1370",100,1,0,27,"Male",1
"18297",150,3,0,29,"Female",0
"7629",978,1,0,14,"Female",0
"1044",25,1,0,29,"Female",1
"13922",0,3,0,23,"Female",0
"403",85,1,0,4,"Male",1
"21492",5,3,0,0,"Female",0
"12943",620.23,1,1,16,"Male",0
"2686",150,3,0,24,"Male",1
"19806",150,3,1,47,"Male",0
"19850",150,5,6,26,"Male",0
"271",25,1,0,23,"Female",1
"16766",75,5,6,25,"Male",0
"10802",50,5,3,25,"Female",0
"22153",100,5,0,39,"Male",0
"9666",638.04,1,0,40,"Female",0
"105",75,5,1,27,"Male",1
"23629",25,3,7,31,"Male",0
"23716",75,4,5,32,"Male",0
"18377",25,3,1,37,"Female",0
"9811",19,1,1,19,"Male",0
"10229",100,5,1,39,"Female",0
"20173",75,4,0,46,"Female",0
"12380",100,4,0,41,"Male",0
"24706",75,4,4,30,"Male",0
"22987",25,3,1,24,"Male",0
"6276",150,1,7,40,"Male",0
"13014",100,4,3,28,"Male",0
"2254",25,3,NA,30,"Male",1
"13024",50,4,6,40,"Male",0
"22662",150,5,4,22,"Male",0
"5342",1868.4,1,0,0,"Male",0
"21107",1348,4,1,31,"Male",0
"13877",19,1,1,33,"Female",0
"9743",150,3,0,27,"Male",0
"14819",508.56,1,0,16,"Female",0
"9225",609,1,4,27,"Male",0
"19936",75,5,1,54,"Female",0
"7163",25,1,1,45,"Male",0
"7840",100,5,5,28,"Female",0
"10219",100,1,1,35,"Male",0
"19012",19,4,1,24,"Female",0
"15694",19,5,6,21,"Male",0
"6384",50,5,3,43,"Male",0
"7661",100,1,4,28,"Male",0
"24975",250,5,0,0,"Female",0
"19003",20,1,3,29,"Male",0
"14651",150,4,1,43,"Male",0
"2857",25,3,1,26,"Male",1
"5927",175,5,1,35,"Female",0
"24931",150,4,1,24,"Female",0
"6986",150,1,0,22,"Female",0
"13075",175,4,1,21,"Male",0
"9721",100,3,6,28,"Female",0
"15776",100,4,5,34,"Male",0
"3519",150,4,6,35,"Female",0
"21214",1445.73,3,0,30,"Female",0
"11207",200,1,0,0,"Female",0
"22026",150,4,4,40,"Female",0
"19091",100,3,7,23,"Male",0
"19968",175,3,0,33,"Male",0
"24410",300,5,1,26,"Female",0
"14440",75,4,6,72,"Female",0
"11422",231.17,1,0,0,"Male",0
"8103",100,5,1,43,"Female",0
"17298",100,4,6,20,"Female",0
"18540",19,3,1,20,"Female",0
"18951",275,5,1,27,"Female",0
"21326",25,5,3,33,"Female",0
"5124",899,1,1,47,"Male",0
"18753",150,5,0,24,"Female",0
"20597",19,5,0,30,"Female",0
"22860",175,5,3,29,"Female",0
"16539",20,5,1,44,"Male",0
"21019",250,4,1,37,"Male",0
"1854",150,1,0,35,"Male",1
"15550",100,4,0,43,"Female",0
"9674",508.56,1,1,24,"Male",0
"18294",100,5,6,37,"Male",0
"18092",150,3,4,32,"Male",0
"9094",5,3,3,51,"Male",0
"8295",250,5,6,21,"Male",0
"16459",100,1,0,34,"Male",0
"7899",150,5,7,40,"Female",0
"24670",150,4,1,60,"Female",0
"5236",37,1,0,25,"Male",0
"6029",50,4,1,27,"Female",0
"3017",249,3,6,61,"Male",0
"19208",44,1,0,56,"Female",0
"18621",275,3,5,70,"Male",0
"4798",489,1,6,27,"Male",0
"21948",100,4,1,26,"Female",0
"14559",29,5,0,58,"Female",0
"10834",100,3,0,24,"Female",0
"7309",100,4,0,52,"Female",0
"7415",39,1,1,35,"Male",0
"14027",50,5,6,26,"Male",0
"22759",25,3,0,31,"Male",0
"19791",20,5,2,19,"Male",0
"10644",25,3,0,29,"Female",0
"8703",589.27,1,0,55,"Male",0
"12629",50,4,3,24,"Female",0
"15944",25,3,5,28,"Male",0
"16754",249,3,1,33,"Male",0
"20119",5,4,1,0,"Female",0
"2908",150,3,4,0,"Male",1
"22370",19,3,0,16,"Male",0
"6195",100,4,1,21,"Male",0
"9925",50,1,2,36,"Male",0
"6423",150,4,0,27,"Female",0
"7820",50,1,1,21,"Male",0
"5897",1435.03,1,0,4,"Female",0
"13131",19,1,1,44,"Female",0
"17541",270.09,1,3,38,"Female",0
"13141",300,5,3,50,"Female",0
"423",150,1,0,30,"Male",1
"15218",100,3,7,76,"Male",0
"14728",250,5,0,47,"Female",0
"18668",100,4,3,29,"Male",0
"21356",25,4,0,19,"Male",0
"10831",250,4,0,0,"Male",0
"12356",267.59,1,7,30,"Male",0
"21757",29,4,4,29,"Male",0
"9222",19,4,0,25,"Female",0
"6296",150,5,4,26,"Female",0
"4139",499,1,6,43,"Female",0
"2111",25,3,0,19,"Male",1
"16654",25,5,4,21,"Female",0
"8758",100,4,0,22,"Male",0
"1588",150,1,0,31,"Male",1
"1658",75,1,0,21,"Female",1
"13800",100,4,6,29,"Male",0
"16651",1104,1,1,67,"Male",0
"4685",5,4,5,31,"Male",0
"6485",429,1,0,22,"Female",0
"23054",75,4,2,50,"Female",0
"12684",150,4,0,27,"Female",0
"18087",175,3,0,30,"Male",0
"5408",377.79,1,7,68,"Female",0
"15610",75,4,0,42,"Female",0
"15285",50,5,3,26,"Male",0
"13197",175,5,0,45,"Male",0
"5879",875,1,0,3,"Female",0
"6095",5,3,0,25,"Female",0
"11413",75,5,2,41,"Male",0
"20361",150,5,6,29,"Female",0
"5708",250,3,0,0,"Female",0
"18912",20,1,4,0,"Female",0
"12726",20,4,6,24,"Female",0
"24954",125,3,1,22,"Female",0
"18990",27,5,1,29,"Female",0
"5797",100,1,0,16,"Female",0
"8214",50,4,4,30,"Female",0
"10355",50,4,0,42,"Male",0
"17028",1099,1,1,62,"Male",0
"15984",25,4,6,0,"Male",0
"17609",20,4,7,33,"Female",0
"4002",504,1,4,35,"Female",0
"1236",100,1,1,23,"Female",1
"13970",5,4,0,21,"Female",0
"2784",25,3,1,24,"Female",1
"385",50,1,0,30,"Female",1
"24477",149,3,6,33,"Male",0
"24573",30,3,1,38,"Female",0
"16584",70,3,1,2,"Female",0
"5413",529.34,1,0,32,"Female",0
"23751",100,4,1,21,"Male",0
"16547",560.56,4,2,33,"Male",0
"19053",100,5,6,36,"Female",0
"17045",299,3,6,20,"Female",0
"254",100,1,0,23,"Female",1
"12282",150,1,0,23,"Male",0
"17818",1,5,3,29,"Female",0
"8038",729,1,0,29,"Female",0
"19996",250,5,1,26,"Male",0
"21563",175,4,5,33,"Female",0
"20859",51,5,5,26,"Female",0
"11045",1768,1,1,0,"Male",0
"11462",75,4,1,35,"Female",0
"12554",75,4,2,25,"Female",0
"3992",50,4,1,29,"Male",0
"21535",50,3,2,26,"Female",0
"4889",50,5,0,39,"Female",0
"15459",50,5,1,20,"Male",0
"1078",50,1,0,3,"Female",1
"9039",200,4,0,50,"Female",0
"14709",50,4,3,19,"Female",0
"23204",100,5,6,39,"Male",0
"5234",29,4,1,21,"Male",0
"4367",50,5,0,27,"Male",0
"21115",125,4,1,15,"Female",0
"11325",25,4,4,51,"Male",0
"5527",19,3,0,24,"Male",0
"22078",175,4,3,28,"Male",0
"23671",25,3,3,19,"Female",0
"23333",75,4,7,30,"Female",0
"13336",19,5,0,52,"Female",0
"23975",33,3,3,20,"Male",0
"8486",32,5,0,31,"Male",0
"9157",150,5,0,32,"Male",0
"10232",40,4,0,23,"Male",0
"6880",50,4,0,22,"Female",0
"1620",180,1,0,19,"Male",1
"1943",40,1,0,40,"Female",1
"10535",879,1,6,48,"Female",0
"24055",29,4,5,61,"Female",0
"2751",100,3,1,22,"Male",1
"5364",645.43,1,0,44,"Female",0
"5362",125,1,0,0,"Female",0
"15773",100,5,3,37,"Female",0
"12393",150,5,0,0,"Male",0
"17702",40,3,3,22,"Male",0
"7688",100,1,6,36,"Male",0
"20586",100,5,6,24,"Female",0
"12315",50,4,0,0,"Male",0
"16607",75,5,1,23,"Female",0
"22976",266,4,3,0,"Male",0
"351",50,1,0,26,"Male",1
"12676",25,5,3,25,"Male",0
"20060",19,1,1,31,"Male",0
"7980",250,1,2,24,"Female",0
"24329",100,5,1,17,"Female",0
"15025",75,5,0,29,"Male",0
"15854",45,4,1,27,"Female",0
"23256",25,5,4,29,"Male",0
"5679",175,4,1,32,"Male",0
"8018",25,5,0,50,"Female",0
"20380",25,4,3,23,"Female",0
"3527",150,4,4,38,"Male",0
"22438",150,5,1,35,"Female",0
"2113",36,1,0,27,"Male",1
"16681",25,5,0,42,"Female",0
"23526",25,3,0,34,"Female",0
"15476",75,4,1,0,"Female",0
"10223",300,4,2,43,"Male",0
"19573",30,3,2,24,"Female",0
"6330",30,4,1,33,"Female",0
"15973",40,4,5,23,"Male",0
"14160",528.94,1,2,3,"Male",0
"15634",5,1,0,38,"Male",0
"613",50,1,0,33,"Female",1
"1565",100,1,3,25,"Male",1
"23837",100,5,1,30,"Male",0
"24798",75,3,1,33,"Male",0
"4790",100,1,1,26,"Male",0
"16801",499,1,1,24,"Male",0
"8015",454.74,1,0,60,"Male",0
"16463",125,1,6,26,"Male",0
"1768",25,1,1,45,"Female",1
"23836",100,5,3,22,"Male",0
"3063",0,4,3,36,"Female",0
"9212",150,5,4,28,"Male",0
"20729",1258,3,1,19,"Male",0
"20151",150,5,6,33,"Male",0
"16296",200,5,0,31,"Female",0
"24520",150,3,0,22,"Female",0
"21485",5,4,1,22,"Female",0
"11220",20,1,0,32,"Female",0
"17008",51,1,8,26,"Male",0
"10771",500,4,0,20,"Female",0
"22102",75,5,5,29,"Female",0
"2876",50,3,3,29,"Male",1
"1355",50,1,0,28,"Female",1
"17173",19,3,1,23,"Female",0
"21088",100,4,1,44,"Male",0
"120",25,3,1,36,"Female",1
"18408",50,3,3,59,"Female",0
"18985",150,5,6,44,"Male",0
"11987",150,5,1,29,"Male",0
"14935",100,3,8,16,"Male",0
"8644",75,1,0,21,"Female",0
"11298",100,3,6,27,"Male",0
"7256",50,1,7,25,"Male",0
"1730",20,3,0,36,"Male",1
"17534",250,5,3,25,"Female",0
"3383",516.99,1,0,48,"Male",0
"18925",100,3,0,26,"Male",0
"20747",50,3,0,35,"Female",0
"8359",647.34,1,7,50,"Male",0
"8719",150,4,0,44,"Female",0
"22773",100,5,5,40,"Male",0
"15457",50,5,6,26,"Male",0
"8215",50,4,1,32,"Male",0
"12404",80,3,0,28,"Male",0
"10606",26,1,0,34,"Female",0
"16543",1047.99,1,1,0,"Female",0
"22028",1452.47,3,7,41,"Female",0
"4343",523.23,1,1,30,"Male",0
"6412",879,1,6,42,"Male",0
"8575",978,1,1,3,"Male",0
"736",50,1,0,25,"Female",1
"848",25,3,0,37,"Female",1
"2208",25,1,1,39,"Male",1
"14880",100,4,6,2,"Male",0
"24892",50,5,0,31,"Male",0
"10302",100,1,2,23,"Male",0
"1946",50,3,1,28,"Female",1
"12297",100,5,3,27,"Female",0
"12974",980.71,5,0,38,"Female",0
"17997",100,4,1,27,"Female",0
"15508",19,4,1,28,"Female",0
"15075",10,3,0,26,"Female",0
"20818",150,5,5,29,"Male",0
"23087",5,4,1,25,"Male",0
"15087",100,4,5,23,"Female",0
"18165",200,5,4,31,"Male",0
"24384",100,3,0,31,"Female",0
"9470",150,4,0,24,"Female",0
"22243",25,3,1,30,"Male",0
"10711",100,1,1,32,"Female",0
"1609",5,1,0,20,"Male",1
"23157",50,3,3,23,"Male",0
"22866",150,3,6,34,"Female",0
"16509",38,3,6,25,"Female",0
"1334",25,1,1,21,"Female",1
"17436",100,5,0,21,"Female",0
"7947",100,5,0,55,"Male",0
"18105",100,3,1,31,"Female",0
"22792",75,4,1,31,"Female",0
"5282",50,1,2,29,"Male",0
"17981",100,5,0,37,"Male",0
"21260",149,1,4,20,"Male",0
"11029",429,1,3,27,"Male",0
"600",50,1,NA,34,"Female",1
"6514",300,4,0,31,"Female",0
"18870",140,1,0,2,"Female",0
"17283",25,5,6,28,"Female",0
"23929",500,5,3,16,"Female",0
"413",50,1,0,27,"Male",1
"7667",200,5,0,27,"Female",0
"6153",30,4,0,22,"Male",0
"11118",75,1,3,17,"Male",0
"12924",362.23,1,6,40,"Male",0
"15588",25,3,0,29,"Female",0
"22337",125,4,0,17,"Female",0
"7171",100,5,1,34,"Female",0
"19663",1,4,5,47,"Female",0
"16795",20,1,6,31,"Male",0
"4622",150,4,6,41,"Female",0
"10655",25,1,0,25,"Male",0
"20811",100,4,3,22,"Male",0
"19776",5,3,3,24,"Male",0
"7565",570.96,1,1,59,"Male",0
"23899",300,5,3,36,"Female",0
"9485",150,5,5,24,"Female",0
"2808",5,3,0,35,"Female",1
"427",20,1,0,22,"Female",1
"8174",259.17,5,8,36,"Male",0
"19973",1646,1,5,56,"Male",0
"19057",250,5,0,24,"Female",0
"9088",19,4,1,48,"Female",0
"16713",400,5,0,51,"Female",0
"14706",400,5,0,24,"Male",0
"13247",75,3,2,42,"Male",0
"20754",300,5,3,35,"Female",0
"8630",150,5,0,29,"Male",0
"7389",244.5,1,3,47,"Female",0
"14597",30,4,3,20,"Male",0
"24461",25,3,1,23,"Female",0
"14599",30,4,0,27,"Male",0
"6016",100,1,0,25,"Male",0
"17875",150,3,4,41,"Male",0
"365",50,1,1,54,"Female",1
"15008",50,5,1,33,"Female",0
"20848",25,5,4,15,"Male",0
"11770",150,4,0,24,"Male",0
"11797",489,1,1,37,"Female",0
"2046",25,1,0,34,"Female",1
"9638",200,5,6,33,"Male",0
"17769",150,4,0,22,"Female",0
"22902",30,5,3,31,"Male",0
"12108",100,5,0,26,"Male",0
"867",35,1,0,27,"Female",1
"14792",2730.9,1,4,0,"Male",0
"2676",50,3,1,25,"Male",1
"3825",50,4,3,29,"Male",0
"3796",25,4,1,32,"Male",0
"6490",175,4,0,0,"Male",0
"6859",150,1,0,26,"Female",0
"19241",75,3,3,34,"Male",0
"10971",1128,1,5,46,"Female",0
"11265",157.94,1,6,26,"Male",0
"14017",50,4,0,22,"Female",0
"8019",50,3,3,25,"Male",0
"18280",75,3,1,34,"Female",0
"2758",40,3,1,24,"Male",1
"22616",150,3,6,24,"Male",0
"3713",100,5,0,2,"Female",0
"12994",50,1,0,31,"Male",0
"4003",100,5,0,30,"Male",0
"14752",150,4,0,51,"Female",0
"10533",5,4,6,17,"Male",0
"18061",42,4,0,0,"Male",0
"21394",200,5,0,31,"Male",0
"3336",686.99,1,0,31,"Male",0
"12718",75,1,1,20,"Female",0
"17020",150,5,0,40,"Male",0
"4559",150,5,7,29,"Male",0
"1273",5,1,0,32,"Female",1
"11881",100,5,1,52,"Male",0
"15541",100,4,5,19,"Male",0
"15176",50,5,0,42,"Female",0
"11550",914.16,1,0,34,"Male",0
"4250",128,4,3,27,"Male",0
"10386",250,1,1,68,"Female",0
"3113",156,3,1,34,"Female",0
"16544",50,1,0,30,"Female",0
"20790",50,4,0,25,"Male",0
"13348",25,4,1,25,"Female",0
"16810",100,1,4,29,"Female",0
"6715",300,4,5,21,"Female",0
"14850",5,4,3,22,"Male",0
"12441",125,5,1,18,"Female",0
"6922",200,5,0,37,"Male",0
"12173",275,4,0,21,"Female",0
"14045",99,1,1,44,"Female",0
"4023",29,4,6,23,"Male",0
"21481",29,4,0,30,"Female",0
"11997",100,5,7,27,"Male",0
"8048",175,5,0,44,"Male",0
"23024",150,4,0,17,"Female",0
"21918",150,3,4,20,"Female",0
"7421",249,1,4,53,"Male",0
"5371",500,3,1,21,"Female",0
"7281",175,3,0,27,"Male",0
"21493",100,5,2,52,"Male",0
"14948",50,1,1,19,"Female",0
"17576",250,5,6,22,"Female",0
"14714",1846,1,1,42,"Female",0
"4953",648.42,1,0,42,"Female",0
"2267",60,3,1,39,"Male",1
"11599",449,5,3,55,"Female",0
"19507",469.73,1,4,33,"Female",0
"13690",747.93,1,4,38,"Female",0
"15948",100,1,6,0,"Female",0
"2659",19,3,0,28,"Female",1
"1719",30,3,1,27,"Male",1
"15688",100,5,6,27,"Female",0
"22157",25,3,1,35,"Male",0
"24654",100,5,6,29,"Male",0
"4738",1313.96,1,5,66,"Male",0
"23800",75,5,3,25,"Male",0
"12383",275,5,6,39,"Female",0
"19615",51,3,3,27,"Male",0
"10437",200,4,6,20,"Male",0
"18987",100,5,1,23,"Male",0
"389",25,1,0,27,"Male",1
"24849",100,5,0,37,"Male",0
"3922",489,5,1,28,"Male",0
"15742",250,5,5,30,"Male",0
"8374",100,4,0,40,"Female",0
"17744",175,3,0,42,"Female",0
"9891",150,4,1,25,"Male",0
"13030",20,1,3,37,"Male",0
"17573",5,1,7,43,"Male",0
"20327",100,4,0,15,"Male",0
"8982",373.43,1,0,24,"Female",0
"21384",50,5,7,23,"Male",0
"580",50,1,0,21,"Female",1
"16662",19,3,1,20,"Female",0
"3927",75,5,4,30,"Male",0
"4373",150,4,5,37,"Female",0
"2336",75,3,1,39,"Male",1
"338",250,1,0,0,"Female",1
"4358",100,1,6,25,"Female",0
"16121",200,1,1,30,"Male",0
"7408",50,4,1,38,"Male",0
"3652",150,5,3,27,"Male",0
"6327",100,4,6,26,"Female",0
"18348",150,5,1,23,"Male",0
"2882",100,3,1,32,"Female",1
"20417",275,5,1,16,"Male",0
"7917",100,3,0,29,"Female",0
"6840",50,3,6,33,"Female",0
"1264",20,1,0,32,"Male",1
"7995",350,5,0,28,"Male",0
"13482",125,4,0,22,"Male",0
"20280",75,4,6,30,"Male",0
"4063",250,1,1,33,"Male",0
"21313",30,5,5,21,"Female",0
"4171",199,1,2,2,"Female",0
"22444",75,3,1,19,"Male",0
"17840",25,4,0,34,"Male",0
"10534",50,1,1,20,"Male",0
"18529",150,3,3,42,"Female",0
"4202",0,1,0,24,"Female",0
"8145",60,1,3,20,"Female",0
"15344",38,4,6,36,"Female",0
"24395",250,5,5,23,"Female",0
"2386",20,1,0,27,"Male",1
"17095",150,4,0,41,"Female",0
"9444",30,5,1,26,"Female",0
"13226",100,4,3,28,"Female",0
"13525",175,5,2,22,"Male",0
"6716",19,4,3,43,"Male",0
"4544",644,1,3,19,"Male",0
"2243",62,1,0,40,"Female",1
"10857",80,1,0,42,"Male",0
"20368",38,4,3,39,"Male",0
"4718",0,1,1,25,"Male",0
"15524",100,4,3,22,"Male",0
"3782",50,1,0,30,"Male",0
"21064",25,4,1,68,"Female",0
"4337",150,5,3,27,"Female",0
"14590",25,1,4,22,"Male",0
"453",20,1,2,26,"Male",1
"8474",19,4,4,37,"Male",0
"10675",125,5,0,3,"Male",0
"14226",0,5,1,20,"Male",0
"21707",100,5,5,2,"Male",0
"14882",150,3,0,20,"Female",0
"11735",723.43,1,0,51,"Male",0
"19745",150,4,1,38,"Male",0
"305",19,1,0,24,"Male",1
"21968",5,3,7,27,"Female",0
"16992",100,1,0,35,"Male",0
"13578",50,4,0,36,"Female",0
"19149",150,4,4,36,"Female",0
"13432",1121.12,1,NA,75,"Male",0
"7434",50,5,0,24,"Male",0
"8139",158.69,1,6,47,"Male",0
"6581",250,4,5,26,"Female",0
"5634",175,3,0,53,"Female",0
"24450",100,3,0,29,"Female",0
"11788",19,1,0,21,"Male",0
"11963",75,5,1,64,"Female",0
"4154",100,1,6,30,"Male",0
"11080",649,1,7,25,"Male",0
"8128",300,4,0,0,"Female",0
"11778",406.48,1,0,0,"Male",0
"12411",275,5,0,54,"Female",0
"10790",50,5,0,26,"Female",0
"15933",125,1,0,39,"Female",0
"10746",19,3,0,22,"Female",0
"12255",25,4,1,0,"Male",0
"16206",36,4,0,22,"Female",0
"9874",200,5,4,44,"Male",0
"1917",40,5,1,27,"Female",1
"18406",149,3,0,46,"Male",0
"14008",38,1,1,21,"Male",0
"22035",25,3,4,26,"Male",0
"18581",25,3,1,31,"Male",0
"22359",250,5,6,39,"Male",0
"13322",60,1,0,28,"Female",0
"15504",100,3,7,22,"Male",0
"13522",150,4,3,53,"Female",0
"9740",200,4,0,51,"Female",0
"14167",100,5,6,2,"Female",0
"21899",75,3,1,20,"Male",0
"2939",199,1,0,35,"Male",0
"10743",105,4,0,34,"Female",0
"19282",150,5,6,32,"Male",0
"22582",100,3,3,30,"Male",0
"9701",150,3,2,32,"Male",0
"8537",1,4,1,25,"Female",0
"526",19,1,1,24,"Male",1
"17797",150,4,3,25,"Female",0
"9834",50,4,3,26,"Female",0
"563",200,1,0,30,"Female",1
"14120",100,5,1,36,"Female",0
"6418",150,5,0,21,"Female",0
"5531",1301.37,1,5,0,"Male",0
"12815",25,1,1,21,"Male",0
"4763",150,1,3,37,"Female",0
"20659",100,3,0,26,"Female",0
"10926",600,5,8,48,"Male",0
"24121",250,5,6,26,"Male",0
"9056",100,4,0,50,"Female",0
"3210",249,3,0,0,"Male",0
"1865",100,1,0,43,"Male",1
"20228",100,5,3,22,"Male",0
"164",25,1,1,47,"Male",1
"8419",649,1,6,24,"Female",0
"16446",75,4,4,44,"Female",0
"6091",429,5,1,24,"Male",0
"4174",549,1,0,59,"Female",0
"16949",20,4,6,34,"Male",0
"23957",5,5,1,21,"Male",0
"22760",75,3,0,23,"Female",0
"10432",651.63,1,0,25,"Female",0
"21367",150,5,8,41,"Female",0
"14073",150,4,0,76,"Female",0
"8240",411.77,1,1,31,"Male",0
"19398",200,4,1,22,"Female",0
"12979",20,4,1,42,"Female",0
"379",30,1,1,21,"Female",1
"17674",250,5,0,53,"Male",0
"24961",150,4,1,28,"Male",0
"18149",250,4,0,28,"Female",0
"547",75,3,1,23,"Male",1
"3707",150,5,3,27,"Female",0
"2598",20,3,0,21,"Male",1
"6722",440.5,1,0,31,"Male",0
"19193",150,1,0,32,"Male",0
"20414",200,5,7,26,"Male",0
"11531",5,4,0,19,"Male",0
"18450",150,3,0,27,"Female",0
"15728",25,5,0,28,"Female",0
"12389",50,5,3,33,"Male",0
"18644",100,3,0,29,"Male",0
"24380",19,4,4,39,"Female",0
"19324",150,5,6,32,"Female",0
"5130",50,4,0,30,"Female",0
"2510",175,1,0,25,"Male",1
"24356",30,4,4,44,"Male",0
"10469",50,3,1,27,"Male",0
"1049",100,1,0,20,"Male",1
"7282",1048,1,0,27,"Male",0
"17395",160.55,1,1,25,"Female",0
"15802",200,5,6,50,"Male",0
"5635",215.5,1,5,47,"Male",0
"17082",300,5,0,17,"Male",0
"20191",75,3,4,42,"Female",0
"18334",125,5,1,17,"Female",0
"18989",100,3,1,28,"Male",0
"8113",489,1,3,27,"Female",0
"24548",175,5,1,30,"Male",0
"12361",100,4,6,29,"Female",0
"12080",100,3,0,24,"Female",0
"14086",197,5,6,27,"Male",0
"24788",25,3,NA,36,"Male",0
"18761",30,3,0,41,"Female",0
"15328",1750.54,1,5,47,"Male",0
"24371",75,5,6,43,"Male",0
"2120",275,3,0,44,"Male",1
"8530",150,4,1,34,"Male",0
"12075",75,4,0,39,"Male",0
"924",26,1,0,32,"Male",1
"10953",212.93,1,6,39,"Male",0
"10217",19,4,1,36,"Male",0
"23420",150,5,6,22,"Female",0
"19086",75,5,5,32,"Male",0
"8897",19,1,0,46,"Female",0
"6661",150,5,2,34,"Female",0
"1344",75,1,0,15,"Female",1
"8604",19,4,5,20,"Female",0
"15482",75,4,2,56,"Female",0
"23495",100,3,1,24,"Male",0
"23417",19,5,2,0,"Female",0
"17706",100,4,1,33,"Male",0
"752",125,1,0,24,"Male",1
"9021",782.99,1,0,33,"Male",0
"10265",100,4,2,53,"Female",0
"21083",150,5,0,17,"Male",0
"15725",100,5,1,37,"Female",0
"16972",5,5,0,36,"Male",0
"10555",100,4,3,23,"Female",0
"11437",100,4,6,74,"Male",0
"1626",50,1,0,38,"Female",1
"23497",5,4,5,34,"Female",0
"18256",75,1,0,32,"Female",0
"10168",1128,1,0,0,"Female",0
"4349",30,4,1,25,"Female",0
"12886",30,3,1,37,"Male",0
"2723",5,3,1,22,"Female",1
"23220",50,3,1,37,"Male",0
"2104",50,1,0,39,"Male",1
"22634",0,3,1,30,"Female",0
"295",51,1,0,25,"Male",1
"23451",19,4,7,27,"Female",0
"19935",150,4,0,50,"Male",0
"5837",100,4,0,25,"Male",0
"13758",150,4,0,24,"Female",0
"265",5,1,0,23,"Male",1
"15233",150,1,6,24,"Male",0
"1168",19,1,0,42,"Male",1
"9441",150,4,6,23,"Female",0
"17084",560.56,5,0,48,"Male",0
"13",26,1,0,24,"Male",1
"7610",508.56,1,1,25,"Female",0
"19242",125,4,6,3,"Male",0
"11621",125,4,0,24,"Female",0
"10296",19,3,1,34,"Female",0
"15446",150,4,1,21,"Male",0
"17523",300,4,4,23,"Male",0
"20922",25,3,3,25,"Male",0
"18544",50,3,3,49,"Female",0
"21935",20,5,6,24,"Male",0
"7528",100,4,6,28,"Female",0
"23458",76,4,1,29,"Female",0
"13831",29,5,0,46,"Male",0
"3304",200,4,0,25,"Female",0
"1657",40,1,0,42,"Female",1
"21189",300,5,0,2,"Female",0
"19549",54,5,1,27,"Male",0
"17915",559,3,6,34,"Female",0
"2322",36,1,0,31,"Male",1
"5578",50,1,1,21,"Male",0
"11369",1,3,1,22,"Female",0
"13000",200,4,0,28,"Male",0
"4246",1,5,1,29,"Male",0
"12547",19,4,0,35,"Male",0
"15386",25,3,1,27,"Male",0
"6301",150,5,1,25,"Male",0
"9717",150,1,0,26,"Female",0
"16649",100,1,3,33,"Male",0
"4624",20,1,3,24,"Male",0
"5032",300,1,0,23,"Female",0
"21009",150,4,6,72,"Male",0
"5908",10,4,5,29,"Female",0
"17559",175,3,1,18,"Male",0
"11569",100,4,3,41,"Female",0
"6923",1855,1,4,31,"Male",0
"9226",104,1,0,32,"Male",0
"8851",1,5,3,23,"Female",0
"3635",5,3,0,30,"Male",0
"11663",100,5,3,61,"Male",0
"21907",51,3,1,38,"Male",0
"19824",225,5,0,0,"Male",0
"19036",175,5,0,28,"Female",0
"1886",151,1,NA,22,"Male",1
"8836",50,3,0,24,"Male",0
"12511",25,1,1,57,"Female",0
"16768",419,1,0,37,"Female",0
"11718",19,1,0,30,"Female",0
"2709",50,3,1,22,"Male",1
"6006",175,5,0,0,"Male",0
"17519",499,1,1,56,"Female",0
"11629",150,5,6,42,"Male",0
"17101",1023,1,6,41,"Female",0
"24686",25,3,1,20,"Male",0
"21246",200,5,4,42,"Male",0
"14280",5,4,0,29,"Female",0
"16265",1398,1,0,30,"Female",0
"10603",25,1,7,24,"Male",0
"1451",5,1,0,26,"Female",1
"12966",75,3,1,35,"Male",0
"12436",75,4,0,58,"Female",0
"10681",50,4,0,32,"Female",0
"17904",559,3,7,40,"Male",0
"23663",150,4,4,30,"Female",0
"2107",50,1,0,21,"Female",1
"1475",100,3,0,0,"Male",1
"14211",554.24,3,1,38,"Male",0
"4227",738,1,0,3,"Female",0
"9031",200,4,7,35,"Female",0
"6450",150,4,0,0,"Male",0
"18278",175,5,0,30,"Female",0
"23980",150,4,1,24,"Female",0
"13803",125,5,0,26,"Male",0
"23315",100,3,4,30,"Female",0
"1371",40,1,0,24,"Male",1
"6374",150,4,0,69,"Male",0
"12124",75,4,4,47,"Male",0
"10319",1148,1,0,19,"Male",0
"18769",100,5,0,22,"Male",0
"2280",50,1,0,25,"Male",1
"127",100,3,1,20,"Male",1
"20615",75,4,7,39,"Male",0
"7118",150,5,6,55,"Female",0
"18776",20,1,6,39,"Male",0
"2252",40,3,1,21,"Male",1
"23570",5,3,1,0,"Female",0
"18757",25,4,1,45,"Female",0
"20056",30,4,0,0,"Female",0
"18130",45,1,0,23,"Female",0
"7894",25,5,1,32,"Female",0
"20194",5,5,0,24,"Male",0
"16483",200,1,0,37,"Female",0
"22684",75,4,1,23,"Female",0
"20438",1297,3,0,37,"Female",0
"9763",389,1,4,43,"Female",0
"21096",19,4,5,52,"Female",0
"10025",489,1,1,32,"Female",0
"18752",100,3,6,46,"Female",0
"20253",300,3,1,20,"Female",0
"4647",1290.33,1,7,39,"Male",0
"7831",100,4,6,26,"Female",0
"5966",50,5,0,0,"Male",0
"1210",50,1,0,27,"Female",1
"19097",75,4,0,27,"Female",0
"13879",100,4,2,22,"Male",0
"13919",150,5,0,43,"Male",0
"7632",5,4,0,33,"Female",0
"22783",125,3,1,0,"Female",0
"6035",250,3,0,50,"Male",0
"5267",529.34,1,0,57,"Female",0
"10627",40,1,1,18,"Female",0
"17526",150,5,1,46,"Female",0
"2214",51,3,0,25,"Male",1
"6439",979,1,0,49,"Female",0
"12608",50,4,0,22,"Female",0
"14540",150,4,4,29,"Female",0
"8320",50,4,1,31,"Female",0
"22971",1294.96,3,1,3,"Male",0
"19679",150,5,0,30,"Female",0
"16550",200,5,3,20,"Male",0
"12085",175,4,4,58,"Male",0
"3882",100,4,1,30,"Male",0
"7682",100,4,1,18,"Female",0
"3650",150,3,0,27,"Male",0
"24448",150,5,3,25,"Female",0
"16899",75,4,0,30,"Female",0
"1931",5,1,0,25,"Male",1
"14204",150,5,0,37,"Male",0
"19530",100,5,6,28,"Male",0
"5949",0,5,0,40,"Female",0
"12501",19,4,6,45,"Male",0
"1198",25,1,0,24,"Female",1
"18735",250,5,3,43,"Male",0
"16372",150,5,6,46,"Male",0
"11299",51,5,0,33,"Female",0
"19906",150,5,3,29,"Male",0
"24772",1646,3,1,27,"Male",0
"14121",100,5,3,3,"Female",0
"15571",100,5,4,26,"Female",0
"5732",499,1,0,37,"Female",0
"4442",25,1,0,0,"Female",0
"9167",948,1,1,34,"Female",0
"21988",75,5,0,32,"Female",0
"1302",44,1,1,25,"Female",1
"13799",1312.42,1,0,42,"Male",0
"16656",100,4,0,28,"Female",0
"11335",250,5,0,46,"Male",0
"19284",30,4,2,24,"Male",0
"6197",5,4,0,22,"Male",0
"1708",5,1,0,39,"Male",1
"18117",250,5,0,24,"Female",0
"20556",75,4,1,36,"Male",0
"11253",300,4,7,57,"Male",0
"23145",75,4,3,45,"Female",0
"13112",100,4,1,26,"Female",0
"11224",275,5,6,43,"Male",0
"12189",38,4,0,28,"Female",0
"7222",125,5,6,34,"Male",0
"14490",2268.4,1,6,0,"Female",0
"5489",300,5,3,33,"Male",0
"19473",175,4,0,0,"Male",0
"20473",250,5,3,24,"Male",0
"3523",150,1,1,41,"Male",0
"13065",50,5,6,23,"Male",0
"9851",514,1,1,2,"Male",0
"13571",19,5,8,56,"Male",0
"22817",150,5,5,46,"Female",0
"14634",41,1,1,26,"Female",0
"22002",175,3,0,51,"Female",0
"3395",25,4,0,29,"Female",0
"8481",1822.22,1,1,49,"Male",0
"6941",892.32,1,3,20,"Male",0
"6398",1143.74,1,3,49,"Male",0
"18176",75,5,6,24,"Male",0
"16356",275,5,3,58,"Female",0
"10766",100,4,1,29,"Female",0
"14150",125,4,1,22,"Female",0
"15110",266.43,1,6,45,"Female",0
"24445",150,5,6,44,"Male",0
"16592",19,4,6,28,"Female",0
"2502",25,3,1,19,"Male",1
"24890",175,5,2,42,"Female",0
"22485",799,3,6,66,"Female",0
"17319",100,1,0,43,"Female",0
"19792",50,3,1,24,"Male",0
"4719",0,1,0,28,"Male",0
"20395",100,5,5,29,"Female",0
"12016",1966.44,1,0,3,"Male",0
"8520",50,4,5,37,"Female",0
"22726",150,3,1,48,"Male",0
"3670",100,3,0,76,"Female",0
"728",64,1,0,16,"Male",1
"21534",100,4,4,51,"Female",0
"17493",100,3,0,45,"Male",0
"10378",100,4,1,22,"Male",0
"4478",564,1,0,3,"Female",0
"19488",1323,1,1,45,"Female",0
"15677",50,4,0,29,"Male",0
"19253",25,4,0,17,"Female",0
"7779",215.42,1,0,0,"Male",0
"13205",1148,1,0,26,"Female",0
"4565",100,1,0,27,"Male",0
"24362",75,4,0,24,"Male",0
"7876",25,4,1,22,"Male",0
"2559",30,3,0,28,"Female",1
"9601",200,4,0,73,"Female",0
"23429",100,5,1,0,"Female",0
"12428",50,4,0,41,"Male",0
"12314",150,4,0,53,"Female",0
"5709",1378,1,0,26,"Male",0
"14542",500,4,0,27,"Female",0
"3415",75,1,0,15,"Male",0
"830",35,1,0,22,"Male",1
"19130",25,3,1,19,"Male",0
"2984",249,3,0,29,"Male",0
"19181",654.29,3,4,21,"Female",0
"21293",250,4,4,26,"Female",0
"10735",0,4,0,25,"Male",0
"2059",100,3,3,32,"Female",1
"16915",25,3,1,23,"Female",0
"22954",560.56,3,3,22,"Male",0
"22583",300,5,4,28,"Male",0
"2024",100,3,0,35,"Female",1
"13718",250,5,0,41,"Female",0
"16717",150,4,1,41,"Female",0
"2095",50,3,0,23,"Male",1
"2551",150,3,0,30,"Female",1
"2577",25,3,0,25,"Female",1
"22934",175,4,1,40,"Female",0
"13570",50,1,6,34,"Male",0
"1753",25,1,0,36,"Female",1
"3454",38,5,1,24,"Female",0
"10382",50,4,0,21,"Female",0
"11851",150,4,1,37,"Female",0
"4071",150,3,6,26,"Female",0
"9142",25,1,0,25,"Female",0
"14720",1,5,2,26,"Male",0
"3817",50,3,0,28,"Female",0
"14379",100,4,0,28,"Male",0
"19234",30,5,3,21,"Female",0
"8893",30,4,0,22,"Female",0
"11386",100,3,1,21,"Male",0
"8281",1,4,1,24,"Male",0
"11780",75,5,0,46,"Male",0
"1809",39,1,1,23,"Female",1
"23037",25,3,1,19,"Male",0
"19669",75,5,0,17,"Male",0
"22232",150,3,3,26,"Male",0
"17257",20,3,1,20,"Female",0
"696",25,1,0,54,"Female",1
"8417",50,1,6,55,"Male",0
"4502",609,1,4,22,"Male",0
"836",150,1,2,30,"Female",1
"21057",5,3,1,0,"Female",0
"21553",107,5,3,32,"Female",0
"16166",150,1,1,4,"Male",0
"15876",150,4,6,41,"Female",0
"5742",1108,1,6,53,"Female",0
"13356",5,3,0,22,"Female",0
"22297",100,4,1,32,"Male",0
"12091",100,1,7,32,"Male",0
"20786",1292,3,3,44,"Male",0
"5892",37,1,0,38,"Female",0
"22705",150,3,2,20,"Male",0
"20592",20,1,3,25,"Male",0
"5111",20,4,1,31,"Female",0
"23257",0.01,3,0,26,"Male",0
"19148",125,4,1,0,"Female",0
"3260",729,1,6,41,"Female",0
"16700",25,5,0,22,"Female",0
"3189",0,4,0,0,"Male",0
"21103",5,4,2,50,"Female",0
"21331",150,5,4,35,"Female",0
"20954",150,3,0,33,"Female",0
"65",20,5,0,27,"Female",1
"19646",20,4,1,26,"Female",0
"24882",200,5,3,37,"Male",0
"24550",100,4,7,24,"Female",0
"9713",150,4,0,48,"Male",0
"15257",75,4,0,29,"Female",0
"9940",19,1,6,25,"Male",0
"10348",30,1,1,19,"Male",0
"22387",50,4,1,28,"Female",0
"1431",150,1,0,26,"Male",1
"726",5,4,0,21,"Female",1
"14322",175,4,0,19,"Female",0
"9467",5,4,0,53,"Female",0
"7812",504,1,1,51,"Male",0
"2011",300,1,0,35,"Male",1
"7405",175,5,1,28,"Female",0
"21857",150,5,5,29,"Male",0
"10536",175,4,0,33,"Male",0
"24676",25,3,1,29,"Male",0
"4067",5,5,0,29,"Female",0
"6648",599,1,6,45,"Female",0
"17763",175,4,1,17,"Female",0
"13995",100,5,1,39,"Male",0
"7542",499,1,6,67,"Male",0
"24317",100,5,0,2,"Female",0
"3985",75,5,3,23,"Female",0
"16804",25,5,2,33,"Female",0
"24216",5,4,3,21,"Female",0
"23325",30,3,0,22,"Female",0
"18155",50,4,1,24,"Male",0
"23063",35,3,3,27,"Male",0
"20133",100,3,4,30,"Female",0
"11242",40,1,1,44,"Female",0
"19390",19,1,1,20,"Female",0
"15810",5,5,0,23,"Female",0
"24325",29,3,4,25,"Male",0
"2268",25,3,1,49,"Male",1
"8138",60,1,0,20,"Male",0
"11452",19,1,7,55,"Female",0
"12758",5,1,1,32,"Female",0
"19377",299,1,0,45,"Female",0
"23103",1746,3,1,28,"Female",0
"8462",30,4,3,2,"Female",0
"11162",5,4,5,52,"Male",0
"16016",957.44,1,3,55,"Male",0
"10612",19,1,0,47,"Female",0
"9900",36,3,0,25,"Male",0
"10955",150,1,0,36,"Male",0
"11728",400,4,0,0,"Female",0
"4653",1221.06,1,0,0,"Male",0
"6996",159.43,1,0,28,"Female",0
"1278",50,1,0,21,"Female",1
"7140",150,4,1,31,"Female",0
"3255",978,1,6,69,"Male",0
"10978",100,4,0,26,"Female",0
"1699",27,3,NA,29,"Male",1
"15743",250,5,1,23,"Female",0
"23678",15,4,1,19,"Female",0
"19798",20,1,0,40,"Male",0
"18680",63,5,4,32,"Male",0
"24074",5,5,1,20,"Male",0
"4421",100,5,3,43,"Male",0
"22449",29.29,3,5,19,"Female",0
"5298",30,4,0,40,"Female",0
"20908",100,4,8,53,"Female",0
"22321",47,5,1,28,"Male",0
"11511",250,5,6,56,"Male",0
"20817",175,5,4,50,"Male",0
"9069",5,4,0,21,"Female",0
"23938",25,3,0,25,"Female",0
"19642",100,3,0,42,"Female",0
"17040",1048,1,0,51,"Female",0
"9537",899,1,3,24,"Female",0
"22036",80,3,6,20,"Female",0
"4321",529.34,1,0,38,"Male",0
"6946",105,5,4,46,"Female",0
"6211",1128,1,5,68,"Female",0
"20822",75,5,0,22,"Female",0
"1223",25,1,1,49,"Male",1
"22991",250,5,6,31,"Male",0
"372",175,1,0,24,"Female",1
"17678",19,4,3,33,"Male",0
"23114",275,5,2,48,"Female",0
"17864",149,1,1,25,"Male",0
"14255",250,5,1,14,"Male",0
"19070",25,3,1,19,"Female",0
"7096",199,1,0,48,"Female",0
"3727",100,4,3,29,"Female",0
"11610",1162.63,1,3,21,"Female",0
"22627",75,4,1,26,"Male",0
"10344",250,3,3,20,"Male",0
"19435",150,4,2,35,"Female",0
"12582",50,5,4,24,"Female",0
"11152",20,3,0,27,"Female",0
"18384",50,3,4,23,"Female",0
"13982",100,4,5,31,"Male",0
"15292",100,5,8,55,"Male",0
"19454",100,1,1,35,"Male",0
"14951",219.5,5,6,38,"Female",0
"20544",75,4,6,22,"Male",0
"676",50,1,0,26,"Male",1
"17151",150,3,0,21,"Male",0
"11210",50,1,0,43,"Male",0
"15411",400,5,6,37,"Male",0
"7490",50,1,1,28,"Male",0
"9769",100,4,8,26,"Male",0
"17322",250,1,1,16,"Female",0
"7080",50,4,0,26,"Female",0
"3956",299,1,1,2,"Female",0
"24866",25,3,1,19,"Male",0
"4945",5,4,0,26,"Male",0
"6459",19,3,0,35,"Female",0
"23937",250,5,4,25,"Female",0
"10267",1348,1,3,50,"Male",0
"7935",50,4,0,21,"Female",0
"20775",75,3,4,74,"Male",0
"6019",275,4,0,48,"Female",0
"15943",150,4,7,29,"Male",0
"21573",100,4,1,37,"Female",0
"22382",25,3,1,26,"Male",0
"24097",100,4,6,41,"Female",0
"12349",50,1,1,25,"Male",0
"22808",150,5,4,3,"Male",0
"24544",752,3,NA,0,"Female",0
"8131",149,1,0,30,"Male",0
"23501",150,4,1,32,"Female",0
"6544",300,4,0,25,"Female",0
"7760",100,4,0,46,"Male",0
"15914",150,4,1,22,"Female",0
"19982",100,4,6,31,"Male",0
"12646",225,5,6,30,"Female",0
"24336",1348,3,1,24,"Male",0
"17615",100,5,5,25,"Female",0
"10398",380.81,1,1,55,"Female",0
"5328",300,1,7,20,"Male",0
"11425",100,4,0,28,"Female",0
"19888",19,4,5,53,"Female",0
"23262",419,3,1,47,"Male",0
"5703",200,1,3,27,"Male",0
"23239",1560.22,3,5,18,"Female",0
"2365",25,3,1,27,"Male",1
"6079",215.42,1,0,0,"Female",0
"10867",50,4,3,38,"Male",0
"8721",6,4,0,33,"Male",0
"22701",75,3,7,29,"Male",0
"4908",50,5,0,30,"Female",0
"4136",1000,5,5,3,"Female",0
"11094",75,3,0,4,"Male",0
"3550",0,4,0,33,"Female",0
"11953",300,5,3,28,"Female",0
"2193",75,1,0,0,"Female",1
"14648",75,5,1,24,"Female",0
"10939",150,5,0,28,"Male",0
"17396",1720.77,1,0,48,"Male",0
"18303",1285,1,3,45,"Male",0
"2569",25,3,0,29,"Female",1
"10234",20,1,4,21,"Female",0
"8577",50,1,0,21,"Male",0
"18898",700,5,7,35,"Female",0
"12010",25,1,6,28,"Female",0
"19548",150,4,6,43,"Female",0
"1800",75,3,NA,30,"Female",1
"17123",75,3,1,24,"Female",0
"3568",100,5,1,29,"Female",0
"23293",250,5,3,24,"Female",0
"6942",50,1,1,0,"Female",0
"24825",70,3,5,3,"Male",0
"12727",19,1,6,25,"Male",0
"22723",225,5,1,2,"Male",0
"22602",175,3,1,45,"Male",0
"9517",25,4,0,22,"Male",0
"11261",35,4,0,47,"Male",0
"7624",175,5,2,19,"Female",0
"1381",100,1,0,37,"Male",1
"5548",197,1,0,33,"Female",0
"5891",150,1,1,29,"Female",0
"16108",30,4,6,28,"Female",0
"11202",1731.69,1,0,3,"Female",0
"18692",100,4,1,21,"Female",0
"245",25,1,1,24,"Male",1
"19272",33.02,3,3,39,"Female",0
"23004",300,4,1,0,"Female",0
"24616",25,5,4,20,"Male",0
"15130",5,5,1,28,"Male",0
"6738",1046.46,1,0,36,"Female",0
"5893",1825.25,1,0,68,"Male",0
"17661",150,5,0,40,"Female",0
"9898",100,5,0,34,"Male",0
"13745",100,4,0,27,"Female",0
"10203",149,1,6,29,"Male",0
"3686",100,3,5,27,"Female",0
"16378",150,4,1,58,"Male",0
"15111",100,4,5,28,"Male",0
"5384",100,4,0,25,"Male",0
"24012",150,5,1,48,"Male",0
"22559",250,5,3,0,"Female",0
"12307",150,1,6,36,"Female",0
"5969",1432.15,1,6,42,"Male",0
"19719",20,4,0,61,"Female",0
"15998",100,4,6,28,"Female",0
"8291",1128,1,0,4,"Female",0
"22160",150,4,6,21,"Male",0
"19315",258.96,3,6,3,"Male",0
"751",75,1,0,20,"Male",1
"18742",5,5,0,21,"Male",0
"6634",1191.99,1,3,29,"Male",0
"20186",100,4,1,41,"Female",0
"14497",100,3,3,15,"Female",0
"17205",100,4,6,30,"Male",0
"24842",100,4,3,28,"Female",0
"19889",5,3,0,22,"Female",0
"19302",50,3,3,21,"Male",0
"18901",299,1,6,51,"Female",0
"21353",5,4,5,20,"Female",0
"6203",100,5,6,30,"Male",0
"21518",400,5,6,53,"Female",0
"24305",5,4,1,26,"Female",0
"15370",150,4,1,29,"Female",0
"13905",34,5,6,28,"Female",0
"21650",100,4,5,17,"Female",0
"2445",200,3,1,36,"Female",1
"10109",50,1,3,21,"Male",0
"13759",125,5,7,47,"Male",0
"21336",75,4,4,19,"Male",0
"16204",40,3,1,21,"Female",0
"1433",25,1,1,40,"Female",1
"22977",175,5,5,46,"Male",0
"17371",100,4,5,31,"Male",0
"4835",5,4,0,33,"Female",0
"6944",75,1,0,37,"Female",0
"9387",19,5,1,38,"Male",0
"23517",300,5,1,22,"Male",0
"24869",54,3,4,0,"Male",0
"3371",840,1,1,18,"Female",0
"17474",125,4,0,51,"Female",0
"20199",175,4,1,24,"Female",0
"16060",20,3,0,35,"Male",0
"19747",100,5,3,24,"Male",0
"20074",100,5,3,45,"Female",0
"16719",50,5,8,32,"Male",0
"23784",150,5,2,44,"Female",0
"23998",150,5,1,29,"Female",0
"1224",50,1,1,36,"Male",1
"10072",29,4,6,30,"Male",0
"20322",25,3,5,20,"Male",0
"221",150,1,0,34,"Female",1
"16877",175,3,0,15,"Female",0
"22529",150,5,0,43,"Male",0
"5360",100,3,1,28,"Male",0
"21987",80,4,0,23,"Female",0
"14004",30,5,1,29,"Male",0
"7472",20,4,2,25,"Male",0
"8595",150,5,0,62,"Male",0
"7568",50,5,0,26,"Female",0
"19344",150,4,0,27,"Female",0
"1875",75,1,0,25,"Male",1
"5943",19,4,0,44,"Female",0
"9085",50,4,2,27,"Female",0
"24090",150,4,1,20,"Female",0
"14738",30,4,2,43,"Female",0
"12401",35,1,0,25,"Female",0
"7052",150,4,0,54,"Male",0
"16412",55,4,0,33,"Female",0
"3646",175,5,7,2,"Female",0
"18890",275,5,6,48,"Male",0
"19066",100,3,4,20,"Male",0
"12954",200,5,1,45,"Male",0
"14986",150,5,0,32,"Female",0
"19285",150,3,1,25,"Male",0
"18375",300,5,1,27,"Female",0
"5914",30,4,7,27,"Female",0
"20505",150,5,1,21,"Male",0
"4662",400,4,0,51,"Female",0
"693",75,1,1,31,"Male",1
"23119",250,5,3,54,"Female",0
"14100",449,1,0,0,"Female",0
"11358",125,5,0,30,"Female",0
"2950",75,1,1,47,"Female",0
"17314",249,1,6,39,"Female",0
"11717",75,4,1,43,"Female",0
"5656",150,3,0,0,"Female",0
"4371",50,1,6,24,"Female",0
"7717",408.56,1,1,47,"Female",0
"19592",150,4,1,52,"Female",0
"5505",5,4,0,26,"Female",0
"6719",5,4,5,26,"Male",0
"9133",30,4,0,21,"Male",0
"12857",25,1,0,32,"Female",0
"24973",60,5,0,41,"Female",0
"23807",200,5,5,41,"Female",0
"6089",322,4,0,37,"Female",0
"8362",150,1,0,30,"Female",0
"10949",373.43,1,2,30,"Female",0
"16103",200,4,3,29,"Male",0
"18694",25,4,4,19,"Female",0
"17799",250,3,5,27,"Female",0
"17047",499,3,2,0,"Female",0
"8050",50,1,0,36,"Male",0
"545",25,3,1,34,"Male",1
"21556",200,4,6,3,"Male",0
"17156",300,5,3,34,"Male",0
"24330",5,5,5,30,"Male",0
"605",5,1,0,21,"Male",1
"12985",150,4,0,38,"Male",0
"15924",150,4,1,39,"Female",0
"6948",593,1,1,24,"Male",0
"22421",75,3,4,22,"Female",0
"20537",1435.62,1,4,33,"Male",0
"18932",19,4,6,27,"Male",0
"566",200,1,0,37,"Male",1
"3145",249,1,0,0,"Female",0
"10874",50,4,0,24,"Female",0
"8876",30.73,5,0,65,"Female",0
"10130",100,4,1,25,"Female",0
"24003",51,3,1,20,"Female",0
"24844",376.85,3,5,43,"Female",0
"186",50,1,1,23,"Female",1
"22932",150,5,1,31,"Male",0
"24005",150,5,1,24,"Female",0
"19214",75,4,0,22,"Male",0
"347",25,1,0,28,"Male",1
"11823",1,4,0,23,"Female",0
"11884",150,1,8,23,"Male",0
"18835",100,5,7,33,"Male",0
"6589",50,1,3,32,"Female",0
"22137",51,5,6,25,"Male",0
"14179",100,5,6,30,"Female",0
"11467",5,3,3,21,"Female",0
"14059",350,5,1,44,"Female",0
"13621",2210,1,1,32,"Female",0
"18924",100,4,6,0,"Female",0
"15165",100,4,8,34,"Male",0
"23842",200,3,1,19,"Female",0
"9424",50,1,0,18,"Female",0
"8990",300,5,0,0,"Male",0
"12912",125,3,0,33,"Female",0
"23034",150,5,6,33,"Female",0
"17491",5,3,1,30,"Male",0
"18371",100,5,4,48,"Male",0
"6646",26,1,0,37,"Male",0
"4764",1270.98,1,1,39,"Male",0
"9604",100,4,0,28,"Male",0
"16990",1228.36,1,0,32,"Female",0
"22955",200,5,5,28,"Female",0
"11687",52,4,0,25,"Male",0
"7708",150,1,0,24,"Male",0
"16135",19,5,1,26,"Male",0
"1521",20,4,1,26,"Female",1
"3490",2585,1,0,42,"Female",0
"2449",150,3,0,23,"Male",1
"461",75,1,0,26,"Female",1
"9089",51,5,0,32,"Female",0
"2750",100,3,1,44,"Male",1
"23033",19,3,1,36,"Male",0
"23553",75,5,0,26,"Female",0
"951",20,1,0,27,"Male",1
"2880",25,3,0,17,"Female",1
"8910",149,1,0,33,"Female",0
"22225",250,3,1,55,"Male",0
"2127",50,3,0,21,"Female",1
"7997",150,5,4,25,"Male",0
"17512",100,5,2,0,"Male",0
"10898",50,4,1,37,"Female",0
"772",50,1,0,27,"Male",1
"5702",300,4,1,32,"Female",0
"6710",150,4,4,24,"Female",0
"5598",1328,1,1,43,"Female",0
"22495",75,3,3,28,"Male",0
"13511",75,4,0,67,"Male",0
"14879",250,3,7,25,"Male",0
"15400",250,4,0,27,"Male",0
"10299",0,3,0,41,"Female",0
"19893",5,5,5,42,"Female",0
"12406",27,3,0,39,"Female",0
"5422",645.54,1,1,26,"Male",0
"22299",175,5,3,18,"Male",0
"18788",250,5,7,33,"Male",0
"19138",25,3,1,22,"Male",0
"24007",250,5,1,20,"Female",0
"16798",150,3,0,29,"Male",0
"14439",150,5,1,18,"Male",0
"21676",75,3,0,31,"Male",0
"13361",100,4,1,23,"Female",0
"990",55,1,1,23,"Female",1
"10099",1017.12,4,0,17,"Female",0
"16086",1177.75,1,0,60,"Male",0
"16164",91,1,0,27,"Male",0
"5868",50,4,0,37,"Female",0
"18943",299,3,7,33,"Female",0
"20479",5,3,6,26,"Male",0
"12714",150,4,0,20,"Male",0
"13446",75,1,5,34,"Female",0
"19191",80,1,0,33,"Male",0
"2580",25,3,0,26,"Male",1
"16175",75,5,6,31,"Female",0
"670",5,1,0,25,"Female",1
"6720",489,1,0,65,"Male",0
"10922",75,4,0,39,"Male",0
"18102",25,5,1,30,"Male",0
"5940",26,1,6,38,"Male",0
"17900",200,5,1,25,"Female",0
"13642",19,4,1,20,"Female",0
"6444",25,1,0,26,"Female",0
"15917",150,4,3,32,"Female",0
"17039",100,3,0,30,"Female",0
"13022",125,5,0,0,"Female",0
"703",100,1,0,38,"Male",1
"17468",1,3,3,35,"Male",0
"12888",150,5,7,28,"Male",0
"9796",38,3,1,44,"Female",0
"23733",50,3,2,39,"Female",0
"2083",20,3,0,23,"Female",1
"12703",260,4,2,24,"Male",0
"177",70,1,0,28,"Male",1
"514",50,1,1,27,"Male",1
"3509",50,3,6,27,"Male",0
"8216",50,5,3,42,"Male",0
"13909",100,1,1,19,"Female",0
"3695",10,4,6,29,"Male",0
"23059",25,4,3,30,"Male",0
"2991",249,1,6,32,"Female",0
"24464",25,3,2,41,"Male",0
"11732",5,1,0,21,"Female",0
"21661",50,5,0,0,"Male",0
"15224",25,3,0,30,"Female",0
"21758",1397,3,0,17,"Female",0
"6819",150,1,0,31,"Male",0
"9728",5,4,0,28,"Male",0
"5013",250,5,7,34,"Male",0
"1641",100,1,0,29,"Male",1
"122",40,1,1,26,"Female",1
"185",50,1,0,3,"Female",1
"12258",100,5,3,23,"Female",0
"13456",75,4,0,29,"Male",0
"17920",100,4,1,17,"Female",0
"14251",100,3,1,26,"Female",0
"10402",100,5,0,29,"Female",0
"19912",150,3,3,27,"Male",0
"7247",947.13,1,0,40,"Female",0
"12720",150,5,0,25,"Female",0
"18954",200,5,3,17,"Male",0
"19952",350,4,3,19,"Female",0
"741",75,1,0,28,"Female",1
"7697",19,1,3,31,"Male",0
"8760",100,5,0,32,"Female",0
"9349",200,4,5,35,"Female",0
"8726",475.22,1,1,0,"Male",0
"18824",100,1,0,19,"Female",0
"11796",50,1,1,20,"Male",0
"17652",5,3,1,22,"Male",0
"23950",250,5,3,43,"Female",0
"5460",1926,1,8,46,"Female",0
"23318",125,4,0,32,"Female",0
"9111",100,4,7,46,"Female",0
"16778",150,5,1,42,"Female",0
"3073",0,5,4,21,"Female",0
"17408",36,4,1,22,"Male",0
"10806",50,4,0,59,"Female",0
"11683",749,1,0,27,"Male",0
"13160",36,1,1,30,"Male",0
"9676",100,1,7,20,"Male",0
"16930",50,3,2,40,"Male",0
"17819",26,4,1,0,"Female",0
"3102",100,1,7,67,"Male",0
"11333",50,4,0,27,"Male",0
"24179",106.65,5,2,46,"Male",0
"838",100,1,1,54,"Male",1
"2905",25,3,1,26,"Male",1
"24723",19,4,1,41,"Male",0
"21825",125,4,1,60,"Male",0
"9214",1393,1,6,19,"Male",0
"5811",50,1,6,21,"Male",0
"11006",212.93,1,1,28,"Female",0
"18231",30,5,4,28,"Female",0
"19414",100,3,0,54,"Female",0
"22745",75,3,4,25,"Male",0
"3849",70,4,6,22,"Male",0
"19598",150,3,3,29,"Male",0
"14992",100,4,1,4,"Male",0
"20593",50,1,0,24,"Female",0
"13517",25,5,6,25,"Female",0
"9689",347.22,1,3,27,"Male",0
"3848",75,1,1,46,"Female",0
"16699",200,5,2,23,"Female",0
"21560",599,5,4,28,"Female",0
"6145",300,4,0,40,"Male",0
"8516",150,4,3,57,"Male",0
"13083",5,5,0,24,"Male",0
"1029",75,1,0,24,"Male",1
"2599",75,3,0,34,"Male",1
"1644",100,5,0,35,"Male",1
"7446",50,1,0,28,"Female",0
"9577",507.62,1,0,44,"Female",0
"14222",100,4,6,23,"Female",0
"23974",5,4,2,31,"Male",0
"19426",1278.16,1,0,30,"Male",0
"17026",100,5,0,68,"Male",0
"20773",20,3,1,32,"Male",0
"9029",978,1,6,30,"Female",0
"12285",175,1,0,54,"Male",0
"939",75,1,0,26,"Male",1
"24613",50,3,1,24,"Male",0
"3563",100,5,6,23,"Female",0
"14340",50,5,0,37,"Male",0
"8743",26,4,6,44,"Male",0
"10868",149,1,3,70,"Male",0
"7013",150,1,0,28,"Female",0
"6456",25,1,0,23,"Female",0
"5294",150,4,1,29,"Female",0
"11766",215.42,1,1,50,"Female",0
"13298",100,3,1,42,"Male",0
"18565",100,5,7,31,"Male",0
"2809",100,3,1,32,"Male",1
"9630",150,3,0,26,"Female",0
"1200",5,1,0,31,"Male",1
"7526",1328,1,0,0,"Male",0
"3794",300,4,1,52,"Female",0
"20712",150,4,2,48,"Male",0
"5669",104.94,1,6,29,"Male",0
"20347",50,4,6,19,"Male",0
"15196",781.71,1,8,23,"Male",0
"9652",150,5,0,48,"Male",0
"3025",249,3,4,33,"Female",0
"17962",300,5,1,16,"Male",0
"1363",1,1,NA,31,"Male",1
"24373",75,3,1,24,"Female",0
"13680",5,1,1,38,"Male",0
"10751",150,5,6,20,"Male",0
"546",0,5,1,48,"Male",1
"15961",100,4,4,27,"Male",0
"19289",250,5,8,36,"Male",0
"10158",978,1,1,0,"Female",0
"8588",50,4,0,26,"Male",0
"16081",25,1,6,34,"Male",0
"9465",19,5,3,23,"Female",0
"8870",25,1,0,26,"Male",0
"15308",75,4,6,52,"Male",0
"5441",489,1,0,36,"Male",0
"23783",5,3,1,36,"Female",0
"12639",100,4,6,45,"Male",0
"23535",30,5,7,25,"Male",0
"2452",100,3,0,22,"Male",1
"9122",149,1,0,26,"Female",0
"22011",150,5,4,25,"Male",0
"6688",80,1,0,47,"Female",0
"10760",19,4,3,30,"Female",0
"7636",50,4,1,19,"Male",0
"6774",19,4,1,28,"Male",0
"14466",1597,1,3,0,"Male",0
"5968",1307.65,1,0,0,"Female",0
"5004",100,4,1,33,"Female",0
"19075",100,5,6,25,"Female",0
"16109",19,3,0,0,"Female",0
"9168",300,5,0,34,"Male",0
"22369",50,3,6,36,"Male",0
"16966",100,4,0,28,"Female",0
"21741",100,4,3,24,"Female",0
"19875",249,3,0,0,"Female",0
"10315",200,3,3,23,"Female",0
"23717",25,3,0,36,"Male",0
"1320",50,1,1,25,"Female",1
"3878",250,4,7,24,"Male",0
"5086",100,4,0,27,"Female",0
"1304",19,1,1,27,"Male",1
"3180",100,4,6,22,"Male",0
"12424",150,5,0,3,"Male",0
"24678",452,3,1,32,"Female",0
"9426",100,4,0,36,"Male",0
"18809",1123,1,0,30,"Female",0
"24746",30,3,4,21,"Male",0
"8371",175,5,0,71,"Female",0
"21750",100,5,0,53,"Male",0
"16638",25,3,4,34,"Male",0
"13529",27.69,1,3,20,"Male",0
"10071",100,1,1,29,"Male",0
"7098",489,1,5,48,"Male",0
"18135",100,5,1,23,"Female",0
"21039",75,4,6,24,"Male",0
"19834",150,4,3,20,"Female",0
"12820",50,5,5,46,"Female",0
"18376",545.28,3,1,13,"Male",0
"11923",500,5,0,38,"Male",0
"8824",523,1,1,0,"Female",0
"11842",398.31,1,3,29,"Female",0
"22286",75,5,6,23,"Female",0
"19425",50,3,0,32,"Male",0
"20783",5,4,3,34,"Female",0
"17603",75,4,6,0,"Female",0
"6818",51,4,1,0,"Female",0
"4037",1,5,1,48,"Female",0
"4333",150,1,0,56,"Female",0
"2015",100,3,3,31,"Female",1
"22290",165,3,0,0,"Female",0
"10077",560.56,1,0,32,"Female",0
"9051",5,3,2,26,"Female",0
"651",50,1,0,25,"Female",1
"16587",923,5,5,52,"Female",0
"22639",75,3,1,28,"Male",0
"6487",899,5,0,38,"Female",0
"2550",25,3,0,27,"Male",1
"8623",19,5,0,38,"Male",0
"20356",0,5,1,21,"Male",0
"8666",75,1,0,30,"Female",0
"20979",150,3,6,52,"Female",0
"5862",409.8,1,0,41,"Male",0
"749",40,1,1,27,"Male",1
"2545",5,1,0,24,"Male",1
"23813",200,5,0,46,"Male",0
"12498",32,1,3,21,"Male",0
"24856",678.76,3,6,43,"Female",0
"9366",645.43,1,0,26,"Male",0
"21798",29,5,0,21,"Female",0
"12975",20,4,3,25,"Male",0
"15632",100,3,0,30,"Female",0
"4507",549,1,0,39,"Female",0
"21939",275,5,1,51,"Male",0
"2585",25,3,0,29,"Male",1
"15942",150,5,1,39,"Male",0
"10872",50,1,0,19,"Female",0
"19887",25,3,4,19,"Male",0
"21314",100,3,1,34,"Male",0
"13887",299,1,4,33,"Male",0
"1713",19,3,0,24,"Female",1
"13140",0,5,0,19,"Male",0
"6989",1541.86,1,0,3,"Female",0
"11264",125,5,0,3,"Female",0
"13703",50,3,0,26,"Male",0
"6394",250,3,0,42,"Female",0
