Price,Mileage,Make,Model,Trim,Type,Cylinder,Liter,Doors,Cruise,Sound,Leather,log(Price),Buick,Cadillac,Chevrolet,Pontiac,SAAB,Saturn,Convertible,Coupe,Hatchback,Sedan,Wagon,Buick Century,Buick Lacrosse,Buick LeSabre,Buick Park Avenue,Cadillac CST-V,Cadillac CTS,Cadillac Deville,Cadillac STS-V6,Cadillac STS-V8,Cadillac XLR-V8,Chevrolet AVEO,Chevrolet Cavalier,Chevrolet Classic,Chevrolet Cobalt,Chevrolet Corvette,Chevrolet Impala,Chevrolet Malibu,Chevrolet Monte Carlo,Pontiac Bonneville,Pontiac G6,Pontiac Grand Am,Pontiac Grand Prix,Pontiac GTO,Pontiac Sunfire,Pontiac Vibe,SAAB 9_3,SAAB 9_3 HO,SAAB 9_5,SAAB 9_5 HO,SAAB 9-2X AWD,Saturn Ion,Saturn L Series,Train/Test
17314.10313,8221,Buick,Century,Sedan 4D,Sedan,6,3.1,4,1,1,1,4.2384,1,0,0,0,0,0,0,0,0,1,0,1,0,0,0,0,0,0,0,0,0,0,0,0,0,0,0,0,0,0,0,0,0,0,0,0,0,0,0,0,0,0,0,1
16218.84786,13196,Buick,Century,Sedan 4D,Sedan,6,3.1,4,1,1,0,4.21002,1,0,0,0,0,0,0,0,0,1,0,1,0,0,0,0,0,0,0,0,0,0,0,0,0,0,0,0,0,0,0,0,0,0,0,0,0,0,0,0,0,0,0,1
16339.17032,19832,Buick,Century,Sedan 4D,Sedan,6,3.1,4,1,0,1,4.21323,1,0,0,0,0,0,0,0,0,1,0,1,0,0,0,0,0,0,0,0,0,0,0,0,0,0,0,0,0,0,0,0,0,0,0,0,0,0,0,0,0,0,0,1
15230.00339,22576,Buick,Century,Sedan 4D,Sedan,6,3.1,4,1,1,0,4.1827,1,0,0,0,0,0,0,0,0,1,0,1,0,0,0,0,0,0,0,0,0,0,0,0,0,0,0,0,0,0,0,0,0,0,0,0,0,0,0,0,0,0,0,1
14862.09387,24021,Buick,Century,Sedan 4D,Sedan,6,3.1,4,1,0,1,4.17208,1,0,0,0,0,0,0,0,0,1,0,1,0,0,0,0,0,0,0,0,0,0,0,0,0,0,0,0,0,0,0,0,0,0,0,0,0,0,0,0,0,0,0,1
21335.85248,10237,Buick,Lacrosse,CX Sedan 4D,Sedan,6,3.6,4,1,0,0,4.32911,1,0,0,0,0,0,0,0,0,1,0,0,1,0,0,0,0,0,0,0,0,0,0,0,0,0,0,0,0,0,0,0,0,0,0,0,0,0,0,0,0,0,0,1
20512.09409,16633,Buick,Lacrosse,CX Sedan 4D,Sedan,6,3.6,4,1,1,0,4.31201,1,0,0,0,0,0,0,0,0,1,0,0,1,0,0,0,0,0,0,0,0,0,0,0,0,0,0,0,0,0,0,0,0,0,0,0,0,0,0,0,0,0,0,1
19774.24907,23359,Buick,Lacrosse,CX Sedan 4D,Sedan,6,3.6,4,1,1,1,4.2961,1,0,0,0,0,0,0,0,0,1,0,0,1,0,0,0,0,0,0,0,0,0,0,0,0,0,0,0,0,0,0,0,0,0,0,0,0,0,0,0,0,0,0,1
19105.13012,24008,Buick,Lacrosse,CX Sedan 4D,Sedan,6,3.6,4,1,0,0,4.28115,1,0,0,0,0,0,0,0,0,1,0,0,1,0,0,0,0,0,0,0,0,0,0,0,0,0,0,0,0,0,0,0,0,0,0,0,0,0,0,0,0,0,0,1
17808.199,32896,Buick,Lacrosse,CX Sedan 4D,Sedan,6,3.6,4,1,1,0,4.25062,1,0,0,0,0,0,0,0,0,1,0,0,1,0,0,0,0,0,0,0,0,0,0,0,0,0,0,0,0,0,0,0,0,0,0,0,0,0,0,0,0,0,0,1
22358.87768,8970,Buick,Lacrosse,CXL Sedan 4D,Sedan,6,3.6,4,1,1,0,4.34945,1,0,0,0,0,0,0,0,0,1,0,0,1,0,0,0,0,0,0,0,0,0,0,0,0,0,0,0,0,0,0,0,0,0,0,0,0,0,0,0,0,0,0,1
22926.09037,14363,Buick,Lacrosse,CXL Sedan 4D,Sedan,6,3.6,4,1,1,1,4.36033,1,0,0,0,0,0,0,0,0,1,0,0,1,0,0,0,0,0,0,0,0,0,0,0,0,0,0,0,0,0,0,0,0,0,0,0,0,0,0,0,0,0,0,1
21273.06171,18908,Buick,Lacrosse,CXL Sedan 4D,Sedan,6,3.6,4,1,0,0,4.32783,1,0,0,0,0,0,0,0,0,1,0,0,1,0,0,0,0,0,0,0,0,0,0,0,0,0,0,0,0,0,0,0,0,0,0,0,0,0,0,0,0,0,0,1
21183.12359,21394,Buick,Lacrosse,CXL Sedan 4D,Sedan,6,3.6,4,1,0,0,4.32599,1,0,0,0,0,0,0,0,0,1,0,0,1,0,0,0,0,0,0,0,0,0,0,0,0,0,0,0,0,0,0,0,0,0,0,0,0,0,0,0,0,0,0,1
21058.13958,24469,Buick,Lacrosse,CXL Sedan 4D,Sedan,6,3.6,4,1,1,1,4.32342,1,0,0,0,0,0,0,0,0,1,0,0,1,0,0,0,0,0,0,0,0,0,0,0,0,0,0,0,0,0,0,0,0,0,0,0,0,0,0,0,0,0,0,1
23447.68656,15755,Buick,Lacrosse,CXS Sedan 4D,Sedan,6,3.8,4,1,1,0,4.3701,1,0,0,0,0,0,0,0,0,1,0,0,1,0,0,0,0,0,0,0,0,0,0,0,0,0,0,0,0,0,0,0,0,0,0,0,0,0,0,0,0,0,0,1
23016.00801,18147,Buick,Lacrosse,CXS Sedan 4D,Sedan,6,3.8,4,1,1,1,4.36203,1,0,0,0,0,0,0,0,0,1,0,0,1,0,0,0,0,0,0,0,0,0,0,0,0,0,0,0,0,0,0,0,0,0,0,0,0,0,0,0,0,0,0,1
22625.07357,23612,Buick,Lacrosse,CXS Sedan 4D,Sedan,6,3.8,4,1,0,1,4.35459,1,0,0,0,0,0,0,0,0,1,0,0,1,0,0,0,0,0,0,0,0,0,0,0,0,0,0,0,0,0,0,0,0,0,0,0,0,0,0,0,0,0,0,1
21341.25721,25212,Buick,Lacrosse,CXS Sedan 4D,Sedan,6,3.8,4,1,1,1,4.32922,1,0,0,0,0,0,0,0,0,1,0,0,1,0,0,0,0,0,0,0,0,0,0,0,0,0,0,0,0,0,0,0,0,0,0,0,0,0,0,0,0,0,0,1
20986.01602,27096,Buick,Lacrosse,CXS Sedan 4D,Sedan,6,3.8,4,1,0,0,4.32193,1,0,0,0,0,0,0,0,0,1,0,0,1,0,0,0,0,0,0,0,0,0,0,0,0,0,0,0,0,0,0,0,0,0,0,0,0,0,0,0,0,0,0,1
20698.07708,2992,Buick,Lesabre,Custom Sedan 4D,Sedan,6,3.8,4,1,0,1,4.31593,1,0,0,0,0,0,0,0,0,1,0,0,0,1,0,0,0,0,0,0,0,0,0,0,0,0,0,0,0,0,0,0,0,0,0,0,0,0,0,0,0,0,0,1
18145.12649,18339,Buick,Lesabre,Custom Sedan 4D,Sedan,6,3.8,4,1,1,0,4.25876,1,0,0,0,0,0,0,0,0,1,0,0,0,1,0,0,0,0,0,0,0,0,0,0,0,0,0,0,0,0,0,0,0,0,0,0,0,0,0,0,0,0,0,1
19027.86231,21797,Buick,Lesabre,Custom Sedan 4D,Sedan,6,3.8,4,1,0,1,4.27939,1,0,0,0,0,0,0,0,0,1,0,0,0,1,0,0,0,0,0,0,0,0,0,0,0,0,0,0,0,0,0,0,0,0,0,0,0,0,0,0,0,0,0,1
17750.88457,25040,Buick,Lesabre,Custom Sedan 4D,Sedan,6,3.8,4,1,1,0,4.24922,1,0,0,0,0,0,0,0,0,1,0,0,0,1,0,0,0,0,0,0,0,0,0,0,0,0,0,0,0,0,0,0,0,0,0,0,0,0,0,0,0,0,0,1
17394.0214,25464,Buick,Lesabre,Custom Sedan 4D,Sedan,6,3.8,4,1,1,0,4.2404,1,0,0,0,0,0,0,0,0,1,0,0,0,1,0,0,0,0,0,0,0,0,0,0,0,0,0,0,0,0,0,0,0,0,0,0,0,0,0,0,0,0,0,1
21908.36662,17353,Buick,Lesabre,Limited Sedan 4D,Sedan,6,3.8,4,1,0,0,4.34061,1,0,0,0,0,0,0,0,0,1,0,0,0,1,0,0,0,0,0,0,0,0,0,0,0,0,0,0,0,0,0,0,0,0,0,0,0,0,0,0,0,0,0,1
21646.11692,19562,Buick,Lesabre,Limited Sedan 4D,Sedan,6,3.8,4,1,1,1,4.33538,1,0,0,0,0,0,0,0,0,1,0,0,0,1,0,0,0,0,0,0,0,0,0,0,0,0,0,0,0,0,0,0,0,0,0,0,0,0,0,0,0,0,0,1
20952.2178,20158,Buick,Lesabre,Limited Sedan 4D,Sedan,6,3.8,4,1,1,0,4.32123,1,0,0,0,0,0,0,0,0,1,0,0,0,1,0,0,0,0,0,0,0,0,0,0,0,0,0,0,0,0,0,0,0,0,0,0,0,0,0,0,0,0,0,1
19981.12791,24323,Buick,Lesabre,Limited Sedan 4D,Sedan,6,3.8,4,1,1,0,4.30062,1,0,0,0,0,0,0,0,0,1,0,0,0,1,0,0,0,0,0,0,0,0,0,0,0,0,0,0,0,0,0,0,0,0,0,0,0,0,0,0,0,0,0,1
19191.98962,29187,Buick,Lesabre,Limited Sedan 4D,Sedan,6,3.8,4,1,1,1,4.28312,1,0,0,0,0,0,0,0,0,1,0,0,0,1,0,0,0,0,0,0,0,0,0,0,0,0,0,0,0,0,0,0,0,0,0,0,0,0,0,0,0,0,0,1
25589.98315,2308,Buick,Park Avenue,Sedan 4D,Sedan,6,3.8,4,1,1,0,4.40807,1,0,0,0,0,0,0,0,0,1,0,0,0,0,1,0,0,0,0,0,0,0,0,0,0,0,0,0,0,0,0,0,0,0,0,0,0,0,0,0,0,0,0,1
23420.70695,18910,Buick,Park Avenue,Sedan 4D,Sedan,6,3.8,4,1,0,1,4.3696,1,0,0,0,0,0,0,0,0,1,0,0,0,0,1,0,0,0,0,0,0,0,0,0,0,0,0,0,0,0,0,0,0,0,0,0,0,0,0,0,0,0,0,1
23493.0823,20453,Buick,Park Avenue,Sedan 4D,Sedan,6,3.8,4,1,1,0,4.37094,1,0,0,0,0,0,0,0,0,1,0,0,0,0,1,0,0,0,0,0,0,0,0,0,0,0,0,0,0,0,0,0,0,0,0,0,0,0,0,0,0,0,0,1
21878.12,23237,Buick,Park Avenue,Sedan 4D,Sedan,6,3.8,4,1,1,0,4.34001,1,0,0,0,0,0,0,0,0,1,0,0,0,0,1,0,0,0,0,0,0,0,0,0,0,0,0,0,0,0,0,0,0,0,0,0,0,0,0,0,0,0,0,1
21698.01475,25489,Buick,Park Avenue,Sedan 4D,Sedan,6,3.8,4,1,1,1,4.33642,1,0,0,0,0,0,0,0,0,1,0,0,0,0,1,0,0,0,0,0,0,0,0,0,0,0,0,0,0,0,0,0,0,0,0,0,0,0,0,0,0,0,0,1
26831.19404,4695,Buick,Park Avenue,Special Ed Ultra 4D,Sedan,6,3.8,4,1,1,0,4.42864,1,0,0,0,0,0,0,0,0,1,0,0,0,0,1,0,0,0,0,0,0,0,0,0,0,0,0,0,0,0,0,0,0,0,0,0,0,0,0,0,0,0,0,1
26781.81465,12052,Buick,Park Avenue,Special Ed Ultra 4D,Sedan,6,3.8,4,1,1,0,4.42784,1,0,0,0,0,0,0,0,0,1,0,0,0,0,1,0,0,0,0,0,0,0,0,0,0,0,0,0,0,0,0,0,0,0,0,0,0,0,0,0,0,0,0,1
26190.27147,17335,Buick,Park Avenue,Special Ed Ultra 4D,Sedan,6,3.8,4,1,0,1,4.41814,1,0,0,0,0,0,0,0,0,1,0,0,0,0,1,0,0,0,0,0,0,0,0,0,0,0,0,0,0,0,0,0,0,0,0,0,0,0,0,0,0,0,0,1
23348.01695,24027,Buick,Park Avenue,Special Ed Ultra 4D,Sedan,6,3.8,4,1,0,1,4.36825,1,0,0,0,0,0,0,0,0,1,0,0,0,0,1,0,0,0,0,0,0,0,0,0,0,0,0,0,0,0,0,0,0,0,0,0,0,0,0,0,0,0,0,1
23159.54378,25869,Buick,Park Avenue,Special Ed Ultra 4D,Sedan,6,3.8,4,1,0,0,4.36473,1,0,0,0,0,0,0,0,0,1,0,0,0,0,1,0,0,0,0,0,0,0,0,0,0,0,0,0,0,0,0,0,0,0,0,0,0,0,0,0,0,0,0,1
51154.04722,2202,Cadillac,CST-V,Sedan 4D,Sedan,8,5.7,4,1,1,1,4.70888,0,1,0,0,0,0,0,0,0,1,0,0,0,0,0,1,0,0,0,0,0,0,0,0,0,0,0,0,0,0,0,0,0,0,0,0,0,0,0,0,0,0,0,1
46747.67327,15343,Cadillac,CST-V,Sedan 4D,Sedan,8,5.7,4,1,1,1,4.66976,0,1,0,0,0,0,0,0,0,1,0,0,0,0,0,1,0,0,0,0,0,0,0,0,0,0,0,0,0,0,0,0,0,0,0,0,0,0,0,0,0,0,0,1
44084.91421,21367,Cadillac,CST-V,Sedan 4D,Sedan,8,5.7,4,1,1,1,4.64429,0,1,0,0,0,0,0,0,0,1,0,0,0,0,0,1,0,0,0,0,0,0,0,0,0,0,0,0,0,0,0,0,0,0,0,0,0,0,0,0,0,0,0,1
44300.63996,23751,Cadillac,CST-V,Sedan 4D,Sedan,8,5.7,4,1,0,1,4.64641,0,1,0,0,0,0,0,0,0,1,0,0,0,0,0,1,0,0,0,0,0,0,0,0,0,0,0,0,0,0,0,0,0,0,0,0,0,0,0,0,0,0,0,1
43374.05242,25199,Cadillac,CST-V,Sedan 4D,Sedan,8,5.7,4,1,1,1,4.63723,0,1,0,0,0,0,0,0,0,1,0,0,0,0,0,1,0,0,0,0,0,0,0,0,0,0,0,0,0,0,0,0,0,0,0,0,0,0,0,0,0,0,0,1
33417.96501,6598,Cadillac,CTS,Sedan 4D,Sedan,6,2.8,4,1,1,1,4.52398,0,1,0,0,0,0,0,0,0,1,0,0,0,0,0,0,1,0,0,0,0,0,0,0,0,0,0,0,0,0,0,0,0,0,0,0,0,0,0,0,0,0,0,1
31431.13037,11013,Cadillac,CTS,Sedan 4D,Sedan,6,2.8,4,1,1,1,4.49736,0,1,0,0,0,0,0,0,0,1,0,0,0,0,0,0,1,0,0,0,0,0,0,0,0,0,0,0,0,0,0,0,0,0,0,0,0,0,0,0,0,0,0,1
30646.4377,17094,Cadillac,CTS,Sedan 4D,Sedan,6,2.8,4,1,1,1,4.48638,0,1,0,0,0,0,0,0,0,1,0,0,0,0,0,0,1,0,0,0,0,0,0,0,0,0,0,0,0,0,0,0,0,0,0,0,0,0,0,0,0,0,0,1
30392.75016,18449,Cadillac,CTS,Sedan 4D,Sedan,6,2.8,4,1,1,1,4.48277,0,1,0,0,0,0,0,0,0,1,0,0,0,0,0,0,1,0,0,0,0,0,0,0,0,0,0,0,0,0,0,0,0,0,0,0,0,0,0,0,0,0,0,1
29275.20871,21056,Cadillac,CTS,Sedan 4D,Sedan,6,2.8,4,1,1,1,4.4665,0,1,0,0,0,0,0,0,0,1,0,0,0,0,0,0,1,0,0,0,0,0,0,0,0,0,0,0,0,0,0,0,0,0,0,0,0,0,0,0,0,0,0,1
39801.55135,14095,Cadillac,Deville,DHS Sedan 4D,Sedan,8,4.6,4,1,0,1,4.5999,0,1,0,0,0,0,0,0,0,1,0,0,0,0,0,0,0,1,0,0,0,0,0,0,0,0,0,0,0,0,0,0,0,0,0,0,0,0,0,0,0,0,0,1
39307.00916,16041,Cadillac,Deville,DHS Sedan 4D,Sedan,8,4.6,4,1,0,1,4.59447,0,1,0,0,0,0,0,0,0,1,0,0,0,0,0,0,0,1,0,0,0,0,0,0,0,0,0,0,0,0,0,0,0,0,0,0,0,0,0,0,0,0,0,1
38445.89717,18661,Cadillac,Deville,DHS Sedan 4D,Sedan,8,4.6,4,1,0,1,4.58485,0,1,0,0,0,0,0,0,0,1,0,0,0,0,0,0,0,1,0,0,0,0,0,0,0,0,0,0,0,0,0,0,0,0,0,0,0,0,0,0,0,0,0,1
35866.58271,24415,Cadillac,Deville,DHS Sedan 4D,Sedan,8,4.6,4,1,1,1,4.55469,0,1,0,0,0,0,0,0,0,1,0,0,0,0,0,0,0,1,0,0,0,0,0,0,0,0,0,0,0,0,0,0,0,0,0,0,0,0,0,0,0,0,0,1
36154.30355,25339,Cadillac,Deville,DHS Sedan 4D,Sedan,8,4.6,4,1,1,1,4.55816,0,1,0,0,0,0,0,0,0,1,0,0,0,0,0,0,0,1,0,0,0,0,0,0,0,0,0,0,0,0,0,0,0,0,0,0,0,0,0,0,0,0,0,1
42820.32902,5499,Cadillac,Deville,DTS Sedan 4D,Sedan,8,4.6,4,1,0,1,4.63165,0,1,0,0,0,0,0,0,0,1,0,0,0,0,0,0,0,1,0,0,0,0,0,0,0,0,0,0,0,0,0,0,0,0,0,0,0,0,0,0,0,0,0,1
40856.3909,12791,Cadillac,Deville,DTS Sedan 4D,Sedan,8,4.6,4,1,1,1,4.61126,0,1,0,0,0,0,0,0,0,1,0,0,0,0,0,0,0,1,0,0,0,0,0,0,0,0,0,0,0,0,0,0,0,0,0,0,0,0,0,0,0,0,0,1
37510.25357,21593,Cadillac,Deville,DTS Sedan 4D,Sedan,8,4.6,4,1,0,1,4.57415,0,1,0,0,0,0,0,0,0,1,0,0,0,0,0,0,0,1,0,0,0,0,0,0,0,0,0,0,0,0,0,0,0,0,0,0,0,0,0,0,0,0,0,1
36332.89469,25153,Cadillac,Deville,DTS Sedan 4D,Sedan,8,4.6,4,1,0,1,4.5603,0,1,0,0,0,0,0,0,0,1,0,0,0,0,0,0,0,1,0,0,0,0,0,0,0,0,0,0,0,0,0,0,0,0,0,0,0,0,0,0,0,0,0,1
32954.14134,36074,Cadillac,Deville,DTS Sedan 4D,Sedan,8,4.6,4,1,0,1,4.51791,0,1,0,0,0,0,0,0,0,1,0,0,0,0,0,0,0,1,0,0,0,0,0,0,0,0,0,0,0,0,0,0,0,0,0,0,0,0,0,0,0,0,0,1
35715.76856,6447,Cadillac,Deville,Sedan 4D,Sedan,8,4.6,4,1,0,1,4.55286,0,1,0,0,0,0,0,0,0,1,0,0,0,0,0,0,0,1,0,0,0,0,0,0,0,0,0,0,0,0,0,0,0,0,0,0,0,0,0,0,0,0,0,1
35129.34077,11975,Cadillac,Deville,Sedan 4D,Sedan,8,4.6,4,1,1,1,4.54567,0,1,0,0,0,0,0,0,0,1,0,0,0,0,0,0,0,1,0,0,0,0,0,0,0,0,0,0,0,0,0,0,0,0,0,0,0,0,0,0,0,0,0,1
32501.24519,17508,Cadillac,Deville,Sedan 4D,Sedan,8,4.6,4,1,0,1,4.5119,0,1,0,0,0,0,0,0,0,1,0,0,0,0,0,0,0,1,0,0,0,0,0,0,0,0,0,0,0,0,0,0,0,0,0,0,0,0,0,0,0,0,0,1
32509.47829,20910,Cadillac,Deville,Sedan 4D,Sedan,8,4.6,4,1,0,1,4.51201,0,1,0,0,0,0,0,0,0,1,0,0,0,0,0,0,0,1,0,0,0,0,0,0,0,0,0,0,0,0,0,0,0,0,0,0,0,0,0,0,0,0,0,1
31181.71516,26222,Cadillac,Deville,Sedan 4D,Sedan,8,4.6,4,1,0,1,4.4939,0,1,0,0,0,0,0,0,0,1,0,0,0,0,0,0,0,1,0,0,0,0,0,0,0,0,0,0,0,0,0,0,0,0,0,0,0,0,0,0,0,0,0,1
42741.52367,2846,Cadillac,STS-V6,Sedan 4D,Sedan,6,3.6,4,1,0,1,4.63085,0,1,0,0,0,0,0,0,0,1,0,0,0,0,0,0,0,0,1,0,0,0,0,0,0,0,0,0,0,0,0,0,0,0,0,0,0,0,0,0,0,0,0,1
38795.37909,13973,Cadillac,STS-V6,Sedan 4D,Sedan,6,3.6,4,1,1,1,4.58878,0,1,0,0,0,0,0,0,0,1,0,0,0,0,0,0,0,0,1,0,0,0,0,0,0,0,0,0,0,0,0,0,0,0,0,0,0,0,0,0,0,0,0,1
37192.89637,19100,Cadillac,STS-V6,Sedan 4D,Sedan,6,3.6,4,1,0,1,4.57046,0,1,0,0,0,0,0,0,0,1,0,0,0,0,0,0,0,0,1,0,0,0,0,0,0,0,0,0,0,0,0,0,0,0,0,0,0,0,0,0,0,0,0,1
36633.63382,22042,Cadillac,STS-V6,Sedan 4D,Sedan,6,3.6,4,1,1,1,4.56388,0,1,0,0,0,0,0,0,0,1,0,0,0,0,0,0,0,0,1,0,0,0,0,0,0,0,0,0,0,0,0,0,0,0,0,0,0,0,0,0,0,0,0,1
34974.37804,25796,Cadillac,STS-V6,Sedan 4D,Sedan,6,3.6,4,1,1,1,4.54375,0,1,0,0,0,0,0,0,0,1,0,0,0,0,0,0,0,0,1,0,0,0,0,0,0,0,0,0,0,0,0,0,0,0,0,0,0,0,0,0,0,0,0,1
48310.32954,788,Cadillac,STS-V8,Sedan 4D,Sedan,8,4.6,4,1,0,1,4.68404,0,1,0,0,0,0,0,0,0,1,0,0,0,0,0,0,0,0,0,1,0,0,0,0,0,0,0,0,0,0,0,0,0,0,0,0,0,0,0,0,0,0,0,1
45061.95194,13829,Cadillac,STS-V8,Sedan 4D,Sedan,8,4.6,4,1,1,1,4.65381,0,1,0,0,0,0,0,0,0,1,0,0,0,0,0,0,0,0,0,1,0,0,0,0,0,0,0,0,0,0,0,0,0,0,0,0,0,0,0,0,0,0,0,1
42377.95544,18581,Cadillac,STS-V8,Sedan 4D,Sedan,8,4.6,4,1,0,1,4.62714,0,1,0,0,0,0,0,0,0,1,0,0,0,0,0,0,0,0,0,1,0,0,0,0,0,0,0,0,0,0,0,0,0,0,0,0,0,0,0,0,0,0,0,1
41516.42986,23861,Cadillac,STS-V8,Sedan 4D,Sedan,8,4.6,4,1,1,1,4.61822,0,1,0,0,0,0,0,0,0,1,0,0,0,0,0,0,0,0,0,1,0,0,0,0,0,0,0,0,0,0,0,0,0,0,0,0,0,0,0,0,0,0,0,1
38208.50102,31303,Cadillac,STS-V8,Sedan 4D,Sedan,8,4.6,4,1,1,1,4.58216,0,1,0,0,0,0,0,0,0,1,0,0,0,0,0,0,0,0,0,1,0,0,0,0,0,0,0,0,0,0,0,0,0,0,0,0,0,0,0,0,0,0,0,1
70755.46672,583,Cadillac,XLR-V8,Hardtop Conv 2D,Convertible,8,4.6,2,1,1,1,4.84976,0,1,0,0,0,0,1,0,0,0,0,0,0,0,0,0,0,0,0,0,1,0,0,0,0,0,0,0,0,0,0,0,0,0,0,0,0,0,0,0,0,0,0,1
69133.73172,7892,Cadillac,XLR-V8,Hardtop Conv 2D,Convertible,8,4.6,2,1,1,1,4.83969,0,1,0,0,0,0,1,0,0,0,0,0,0,0,0,0,0,0,0,0,1,0,0,0,0,0,0,0,0,0,0,0,0,0,0,0,0,0,0,0,0,0,0,1
65281.48124,15600,Cadillac,XLR-V8,Hardtop Conv 2D,Convertible,8,4.6,2,1,1,1,4.81479,0,1,0,0,0,0,1,0,0,0,0,0,0,0,0,0,0,0,0,0,1,0,0,0,0,0,0,0,0,0,0,0,0,0,0,0,0,0,0,0,0,0,0,1
60567.54909,23193,Cadillac,XLR-V8,Hardtop Conv 2D,Convertible,8,4.6,2,1,1,1,4.78224,0,1,0,0,0,0,1,0,0,0,0,0,0,0,0,0,0,0,0,0,1,0,0,0,0,0,0,0,0,0,0,0,0,0,0,0,0,0,0,0,0,0,0,1
55639.08765,31805,Cadillac,XLR-V8,Hardtop Conv 2D,Convertible,8,4.6,2,1,0,1,4.74538,0,1,0,0,0,0,1,0,0,0,0,0,0,0,0,0,0,0,0,0,1,0,0,0,0,0,0,0,0,0,0,0,0,0,0,0,0,0,0,0,0,0,0,1
12146.18803,10011,Chevrolet,AVEO,LS Hatchback 4D,Hatchback,4,1.6,4,0,0,1,4.08444,0,0,1,0,0,0,0,0,1,0,0,0,0,0,0,0,0,0,0,0,0,1,0,0,0,0,0,0,0,0,0,0,0,0,0,0,0,0,0,0,0,0,0,1
11472.02276,19699,Chevrolet,AVEO,LS Hatchback 4D,Hatchback,4,1.6,4,0,0,1,4.05964,0,0,1,0,0,0,0,0,1,0,0,0,0,0,0,0,0,0,0,0,0,1,0,0,0,0,0,0,0,0,0,0,0,0,0,0,0,0,0,0,0,0,0,1
11096.85727,20334,Chevrolet,AVEO,LS Hatchback 4D,Hatchback,4,1.6,4,1,0,0,4.0452,0,0,1,0,0,0,0,0,1,0,0,0,0,0,0,0,0,0,0,0,0,1,0,0,0,0,0,0,0,0,0,0,0,0,0,0,0,0,0,0,0,0,0,1
11137.04565,22484,Chevrolet,AVEO,LS Hatchback 4D,Hatchback,4,1.6,4,0,1,1,4.04677,0,0,1,0,0,0,0,0,1,0,0,0,0,0,0,0,0,0,0,0,0,1,0,0,0,0,0,0,0,0,0,0,0,0,0,0,0,0,0,0,0,0,0,1
10777.05254,27906,Chevrolet,AVEO,LS Hatchback 4D,Hatchback,4,1.6,4,0,0,0,4.0325,0,0,1,0,0,0,0,0,1,0,0,0,0,0,0,0,0,0,0,0,0,1,0,0,0,0,0,0,0,0,0,0,0,0,0,0,0,0,0,0,0,0,0,1
12649.11089,3629,Chevrolet,AVEO,LS Sedan 4D,Sedan,4,1.6,4,0,1,0,4.10206,0,0,1,0,0,0,0,0,0,1,0,0,0,0,0,0,0,0,0,0,0,1,0,0,0,0,0,0,0,0,0,0,0,0,0,0,0,0,0,0,0,0,0,1
11318.00809,11156,Chevrolet,AVEO,LS Sedan 4D,Sedan,4,1.6,4,0,1,1,4.05377,0,0,1,0,0,0,0,0,0,1,0,0,0,0,0,0,0,0,0,0,0,1,0,0,0,0,0,0,0,0,0,0,0,0,0,0,0,0,0,0,0,0,0,1
11555.2674,13404,Chevrolet,AVEO,LS Sedan 4D,Sedan,4,1.6,4,1,1,0,4.06278,0,0,1,0,0,0,0,0,0,1,0,0,0,0,0,0,0,0,0,0,0,1,0,0,0,0,0,0,0,0,0,0,0,0,0,0,0,0,0,0,0,0,0,1
11215.01865,19945,Chevrolet,AVEO,LS Sedan 4D,Sedan,4,1.6,4,0,0,0,4.0498,0,0,1,0,0,0,0,0,0,1,0,0,0,0,0,0,0,0,0,0,0,1,0,0,0,0,0,0,0,0,0,0,0,0,0,0,0,0,0,0,0,0,0,1
10491.0752,30948,Chevrolet,AVEO,LS Sedan 4D,Sedan,4,1.6,4,0,1,0,4.02082,0,0,1,0,0,0,0,0,0,1,0,0,0,0,0,0,0,0,0,0,0,1,0,0,0,0,0,0,0,0,0,0,0,0,0,0,0,0,0,0,0,0,0,1
11031.12993,20156,Chevrolet,AVEO,LT Hatchback 4D,Hatchback,4,1.6,4,0,1,1,4.04262,0,0,1,0,0,0,0,0,1,0,0,0,0,0,0,0,0,0,0,0,0,1,0,0,0,0,0,0,0,0,0,0,0,0,0,0,0,0,0,0,0,0,0,1
11391.21372,21421,Chevrolet,AVEO,LT Hatchback 4D,Hatchback,4,1.6,4,0,1,1,4.05657,0,0,1,0,0,0,0,0,1,0,0,0,0,0,0,0,0,0,0,0,0,1,0,0,0,0,0,0,0,0,0,0,0,0,0,0,0,0,0,0,0,0,0,1
10921.94537,23119,Chevrolet,AVEO,LT Hatchback 4D,Hatchback,4,1.6,4,0,1,1,4.0383,0,0,1,0,0,0,0,0,1,0,0,0,0,0,0,0,0,0,0,0,0,1,0,0,0,0,0,0,0,0,0,0,0,0,0,0,0,0,0,0,0,0,0,1
11394.8864,25107,Chevrolet,AVEO,LT Hatchback 4D,Hatchback,4,1.6,4,0,1,1,4.05671,0,0,1,0,0,0,0,0,1,0,0,0,0,0,0,0,0,0,0,0,0,1,0,0,0,0,0,0,0,0,0,0,0,0,0,0,0,0,0,0,0,0,0,1
11013.87137,25746,Chevrolet,AVEO,LT Hatchback 4D,Hatchback,4,1.6,4,1,1,1,4.04194,0,0,1,0,0,0,0,0,1,0,0,0,0,0,0,0,0,0,0,0,0,1,0,0,0,0,0,0,0,0,0,0,0,0,0,0,0,0,0,0,0,0,0,1
11918.45607,7278,Chevrolet,AVEO,LT Sedan 4D,Sedan,4,1.6,4,0,0,0,4.07622,0,0,1,0,0,0,0,0,0,1,0,0,0,0,0,0,0,0,0,0,0,1,0,0,0,0,0,0,0,0,0,0,0,0,0,0,0,0,0,0,0,0,0,1
11302.90299,14627,Chevrolet,AVEO,LT Sedan 4D,Sedan,4,1.6,4,0,1,0,4.05319,0,0,1,0,0,0,0,0,0,1,0,0,0,0,0,0,0,0,0,0,0,1,0,0,0,0,0,0,0,0,0,0,0,0,0,0,0,0,0,0,0,0,0,1
10805.13009,21013,Chevrolet,AVEO,LT Sedan 4D,Sedan,4,1.6,4,1,1,1,4.03363,0,0,1,0,0,0,0,0,0,1,0,0,0,0,0,0,0,0,0,0,0,1,0,0,0,0,0,0,0,0,0,0,0,0,0,0,0,0,0,0,0,0,0,1
10770.10655,25065,Chevrolet,AVEO,LT Sedan 4D,Sedan,4,1.6,4,0,1,0,4.03222,0,0,1,0,0,0,0,0,0,1,0,0,0,0,0,0,0,0,0,0,0,1,0,0,0,0,0,0,0,0,0,0,0,0,0,0,0,0,0,0,0,0,0,1
10921.94537,27776,Chevrolet,AVEO,LT Sedan 4D,Sedan,4,1.6,4,1,0,0,4.0383,0,0,1,0,0,0,0,0,0,1,0,0,0,0,0,0,0,0,0,0,0,1,0,0,0,0,0,0,0,0,0,0,0,0,0,0,0,0,0,0,0,0,0,1
10813.34352,266,Chevrolet,AVEO,SVM Hatchback 4D,Hatchback,4,1.6,4,1,0,1,4.03396,0,0,1,0,0,0,0,0,1,0,0,0,0,0,0,0,0,0,0,0,0,1,0,0,0,0,0,0,0,0,0,0,0,0,0,0,0,0,0,0,0,0,0,1
10897.07651,6699,Chevrolet,AVEO,SVM Hatchback 4D,Hatchback,4,1.6,4,0,1,1,4.03731,0,0,1,0,0,0,0,0,1,0,0,0,0,0,0,0,0,0,0,0,0,1,0,0,0,0,0,0,0,0,0,0,0,0,0,0,0,0,0,0,0,0,0,1
10354.04385,14521,Chevrolet,AVEO,SVM Hatchback 4D,Hatchback,4,1.6,4,0,1,0,4.01511,0,0,1,0,0,0,0,0,1,0,0,0,0,0,0,0,0,0,0,0,0,1,0,0,0,0,0,0,0,0,0,0,0,0,0,0,0,0,0,0,0,0,0,1
9720.97889,20836,Chevrolet,AVEO,SVM Hatchback 4D,Hatchback,4,1.6,4,1,1,0,3.98771,0,0,1,0,0,0,0,0,1,0,0,0,0,0,0,0,0,0,0,0,0,1,0,0,0,0,0,0,0,0,0,0,0,0,0,0,0,0,0,0,0,0,0,1
9789.037676,22986,Chevrolet,AVEO,SVM Hatchback 4D,Hatchback,4,1.6,4,0,1,1,3.99074,0,0,1,0,0,0,0,0,1,0,0,0,0,0,0,0,0,0,0,0,0,1,0,0,0,0,0,0,0,0,0,0,0,0,0,0,0,0,0,0,0,0,0,1
10971.09561,7091,Chevrolet,AVEO,SVM Sedan 4D,Sedan,4,1.6,4,1,0,0,4.04025,0,0,1,0,0,0,0,0,0,1,0,0,0,0,0,0,0,0,0,0,0,1,0,0,0,0,0,0,0,0,0,0,0,0,0,0,0,0,0,0,0,0,0,1
9654.060142,19183,Chevrolet,AVEO,SVM Sedan 4D,Sedan,4,1.6,4,0,0,0,3.98471,0,0,1,0,0,0,0,0,0,1,0,0,0,0,0,0,0,0,0,0,0,1,0,0,0,0,0,0,0,0,0,0,0,0,0,0,0,0,0,0,0,0,0,1
9665.84886,19565,Chevrolet,AVEO,SVM Sedan 4D,Sedan,4,1.6,4,0,1,1,3.98524,0,0,1,0,0,0,0,0,0,1,0,0,0,0,0,0,0,0,0,0,0,1,0,0,0,0,0,0,0,0,0,0,0,0,0,0,0,0,0,0,0,0,0,1
8638.930895,25216,Chevrolet,AVEO,SVM Sedan 4D,Sedan,4,1.6,4,0,0,0,3.93646,0,0,1,0,0,0,0,0,0,1,0,0,0,0,0,0,0,0,0,0,0,1,0,0,0,0,0,0,0,0,0,0,0,0,0,0,0,0,0,0,0,0,0,1
8870.947316,32914,Chevrolet,AVEO,SVM Sedan 4D,Sedan,4,1.6,4,1,1,0,3.94797,0,0,1,0,0,0,0,0,0,1,0,0,0,0,0,0,0,0,0,0,0,1,0,0,0,0,0,0,0,0,0,0,0,0,0,0,0,0,0,0,0,0,0,1
13007.98418,7372,Chevrolet,Cavalier,Coupe 2D,Coupe,4,2.2,2,1,1,1,4.11421,0,0,1,0,0,0,0,1,0,0,0,0,0,0,0,0,0,0,0,0,0,0,1,0,0,0,0,0,0,0,0,0,0,0,0,0,0,0,0,0,0,0,0,1
12045.9207,19136,Chevrolet,Cavalier,Coupe 2D,Coupe,4,2.2,2,0,1,1,4.08084,0,0,1,0,0,0,0,1,0,0,0,0,0,0,0,0,0,0,0,0,0,0,1,0,0,0,0,0,0,0,0,0,0,0,0,0,0,0,0,0,0,0,0,1
11539.84565,22405,Chevrolet,Cavalier,Coupe 2D,Coupe,4,2.2,2,0,1,1,4.0622,0,0,1,0,0,0,0,1,0,0,0,0,0,0,0,0,0,0,0,0,0,0,1,0,0,0,0,0,0,0,0,0,0,0,0,0,0,0,0,0,0,0,0,1
12207.87293,23512,Chevrolet,Cavalier,Coupe 2D,Coupe,4,2.2,2,1,1,1,4.08664,0,0,1,0,0,0,0,1,0,0,0,0,0,0,0,0,0,0,0,0,0,0,1,0,0,0,0,0,0,0,0,0,0,0,0,0,0,0,0,0,0,0,0,1
10788.97036,31436,Chevrolet,Cavalier,Coupe 2D,Coupe,4,2.2,2,1,1,1,4.03298,0,0,1,0,0,0,0,1,0,0,0,0,0,0,0,0,0,0,0,0,0,0,1,0,0,0,0,0,0,0,0,0,0,0,0,0,0,0,0,0,0,0,0,1
14584.44812,1160,Chevrolet,Cavalier,LS Coupe 2D,Coupe,4,2.2,2,1,1,1,4.16389,0,0,1,0,0,0,0,1,0,0,0,0,0,0,0,0,0,0,0,0,0,0,1,0,0,0,0,0,0,0,0,0,0,0,0,0,0,0,0,0,0,0,0,1
13446.21342,17741,Chevrolet,Cavalier,LS Coupe 2D,Coupe,4,2.2,2,0,1,1,4.1286,0,0,1,0,0,0,0,1,0,0,0,0,0,0,0,0,0,0,0,0,0,0,1,0,0,0,0,0,0,0,0,0,0,0,0,0,0,0,0,0,0,0,0,1
12274.95758,19612,Chevrolet,Cavalier,LS Coupe 2D,Coupe,4,2.2,2,1,1,1,4.08902,0,0,1,0,0,0,0,1,0,0,0,0,0,0,0,0,0,0,0,0,0,0,1,0,0,0,0,0,0,0,0,0,0,0,0,0,0,0,0,0,0,0,0,1
12425.38917,22771,Chevrolet,Cavalier,LS Coupe 2D,Coupe,4,2.2,2,0,1,1,4.09431,0,0,1,0,0,0,0,1,0,0,0,0,0,0,0,0,0,0,0,0,0,0,1,0,0,0,0,0,0,0,0,0,0,0,0,0,0,0,0,0,0,0,0,1
12549.89233,25816,Chevrolet,Cavalier,LS Coupe 2D,Coupe,4,2.2,2,0,1,1,4.09864,0,0,1,0,0,0,0,1,0,0,0,0,0,0,0,0,0,0,0,0,0,0,1,0,0,0,0,0,0,0,0,0,0,0,0,0,0,0,0,0,0,0,0,1
14894.98259,2464,Chevrolet,Cavalier,LS Sedan 4D,Sedan,4,2.2,4,0,1,1,4.17304,0,0,1,0,0,0,0,0,0,1,0,0,0,0,0,0,0,0,0,0,0,0,1,0,0,0,0,0,0,0,0,0,0,0,0,0,0,0,0,0,0,0,0,1
14678.10533,11488,Chevrolet,Cavalier,LS Sedan 4D,Sedan,4,2.2,4,1,1,1,4.16667,0,0,1,0,0,0,0,0,0,1,0,0,0,0,0,0,0,0,0,0,0,0,1,0,0,0,0,0,0,0,0,0,0,0,0,0,0,0,0,0,0,0,0,1
13471.00508,18910,Chevrolet,Cavalier,LS Sedan 4D,Sedan,4,2.2,4,1,1,1,4.1294,0,0,1,0,0,0,0,0,0,1,0,0,0,0,0,0,0,0,0,0,0,0,1,0,0,0,0,0,0,0,0,0,0,0,0,0,0,0,0,0,0,0,0,1
12383.40281,25069,Chevrolet,Cavalier,LS Sedan 4D,Sedan,4,2.2,4,1,1,1,4.09284,0,0,1,0,0,0,0,0,0,1,0,0,0,0,0,0,0,0,0,0,0,0,1,0,0,0,0,0,0,0,0,0,0,0,0,0,0,0,0,0,0,0,0,1
11080.51638,36855,Chevrolet,Cavalier,LS Sedan 4D,Sedan,4,2.2,4,0,1,1,4.04456,0,0,1,0,0,0,0,0,0,1,0,0,0,0,0,0,0,0,0,0,0,0,1,0,0,0,0,0,0,0,0,0,0,0,0,0,0,0,0,0,0,0,0,1
15053.93373,4652,Chevrolet,Cavalier,LS Sport Coupe 2D,Coupe,4,2.2,2,1,1,1,4.17765,0,0,1,0,0,0,0,1,0,0,0,0,0,0,0,0,0,0,0,0,0,0,1,0,0,0,0,0,0,0,0,0,0,0,0,0,0,0,0,0,0,0,0,1
14642.32358,6224,Chevrolet,Cavalier,LS Sport Coupe 2D,Coupe,4,2.2,2,0,1,1,4.16561,0,0,1,0,0,0,0,1,0,0,0,0,0,0,0,0,0,0,0,0,0,0,1,0,0,0,0,0,0,0,0,0,0,0,0,0,0,0,0,0,0,0,0,1
13678.863,17971,Chevrolet,Cavalier,LS Sport Coupe 2D,Coupe,4,2.2,2,1,1,1,4.13605,0,0,1,0,0,0,0,1,0,0,0,0,0,0,0,0,0,0,0,0,0,0,1,0,0,0,0,0,0,0,0,0,0,0,0,0,0,0,0,0,0,0,0,1
13141.04795,19898,Chevrolet,Cavalier,LS Sport Coupe 2D,Coupe,4,2.2,2,1,1,1,4.11863,0,0,1,0,0,0,0,1,0,0,0,0,0,0,0,0,0,0,0,0,0,0,1,0,0,0,0,0,0,0,0,0,0,0,0,0,0,0,0,0,0,0,0,1
12733.85792,21386,Chevrolet,Cavalier,LS Sport Coupe 2D,Coupe,4,2.2,2,1,1,1,4.10496,0,0,1,0,0,0,0,1,0,0,0,0,0,0,0,0,0,0,0,0,0,0,1,0,0,0,0,0,0,0,0,0,0,0,0,0,0,0,0,0,0,0,0,1
14222.3054,8427,Chevrolet,Cavalier,LS Sport Sedan 4D,Sedan,4,2.2,4,0,1,1,4.15297,0,0,1,0,0,0,0,0,0,1,0,0,0,0,0,0,0,0,0,0,0,0,1,0,0,0,0,0,0,0,0,0,0,0,0,0,0,0,0,0,0,0,0,1
14255.74768,16958,Chevrolet,Cavalier,LS Sport Sedan 4D,Sedan,4,2.2,4,0,1,1,4.15399,0,0,1,0,0,0,0,0,0,1,0,0,0,0,0,0,0,0,0,0,0,0,1,0,0,0,0,0,0,0,0,0,0,0,0,0,0,0,0,0,0,0,0,1
14275.12764,18533,Chevrolet,Cavalier,LS Sport Sedan 4D,Sedan,4,2.2,4,1,1,1,4.15458,0,0,1,0,0,0,0,0,0,1,0,0,0,0,0,0,0,0,0,0,0,0,1,0,0,0,0,0,0,0,0,0,0,0,0,0,0,0,0,0,0,0,0,1
13308.83375,20043,Chevrolet,Cavalier,LS Sport Sedan 4D,Sedan,4,2.2,4,0,1,1,4.12414,0,0,1,0,0,0,0,0,0,1,0,0,0,0,0,0,0,0,0,0,0,0,1,0,0,0,0,0,0,0,0,0,0,0,0,0,0,0,0,0,0,0,0,1
12944.93875,21684,Chevrolet,Cavalier,LS Sport Sedan 4D,Sedan,4,2.2,4,0,1,1,4.1121,0,0,1,0,0,0,0,0,0,1,0,0,0,0,0,0,0,0,0,0,0,0,1,0,0,0,0,0,0,0,0,0,0,0,0,0,0,0,0,0,0,0,0,1
14061.12277,4922,Chevrolet,Cavalier,Sedan 4D,Sedan,4,2.2,4,0,1,1,4.14802,0,0,1,0,0,0,0,0,0,1,0,0,0,0,0,0,0,0,0,0,0,0,1,0,0,0,0,0,0,0,0,0,0,0,0,0,0,0,0,0,0,0,0,1
11699.03392,19816,Chevrolet,Cavalier,Sedan 4D,Sedan,4,2.2,4,1,1,1,4.06815,0,0,1,0,0,0,0,0,0,1,0,0,0,0,0,0,0,0,0,0,0,0,1,0,0,0,0,0,0,0,0,0,0,0,0,0,0,0,0,0,0,0,0,1
11574.17381,21525,Chevrolet,Cavalier,Sedan 4D,Sedan,4,2.2,4,0,1,1,4.06349,0,0,1,0,0,0,0,0,0,1,0,0,0,0,0,0,0,0,0,0,0,0,1,0,0,0,0,0,0,0,0,0,0,0,0,0,0,0,0,0,0,0,0,1
12243.06062,25014,Chevrolet,Cavalier,Sedan 4D,Sedan,4,2.2,4,1,1,1,4.08789,0,0,1,0,0,0,0,0,0,1,0,0,0,0,0,0,0,0,0,0,0,0,1,0,0,0,0,0,0,0,0,0,0,0,0,0,0,0,0,0,0,0,0,1
11464.62886,29410,Chevrolet,Cavalier,Sedan 4D,Sedan,4,2.2,4,1,1,1,4.05936,0,0,1,0,0,0,0,0,0,1,0,0,0,0,0,0,0,0,0,0,0,0,1,0,0,0,0,0,0,0,0,0,0,0,0,0,0,0,0,0,0,0,0,1
15553.20871,7695,Chevrolet,Classic,Sedan 4D,Sedan,4,2.2,4,0,1,1,4.19182,0,0,1,0,0,0,0,0,0,1,0,0,0,0,0,0,0,0,0,0,0,0,0,1,0,0,0,0,0,0,0,0,0,0,0,0,0,0,0,0,0,0,0,1
13540.04164,17343,Chevrolet,Classic,Sedan 4D,Sedan,4,2.2,4,0,1,1,4.13162,0,0,1,0,0,0,0,0,0,1,0,0,0,0,0,0,0,0,0,0,0,0,0,1,0,0,0,0,0,0,0,0,0,0,0,0,0,0,0,0,0,0,0,1
12981.95203,20309,Chevrolet,Classic,Sedan 4D,Sedan,4,2.2,4,1,1,1,4.11334,0,0,1,0,0,0,0,0,0,1,0,0,0,0,0,0,0,0,0,0,0,0,0,1,0,0,0,0,0,0,0,0,0,0,0,0,0,0,0,0,0,0,0,1
13161.94283,21145,Chevrolet,Classic,Sedan 4D,Sedan,4,2.2,4,1,1,1,4.11932,0,0,1,0,0,0,0,0,0,1,0,0,0,0,0,0,0,0,0,0,0,0,0,1,0,0,0,0,0,0,0,0,0,0,0,0,0,0,0,0,0,0,0,1
12379.12647,31199,Chevrolet,Classic,Sedan 4D,Sedan,4,2.2,4,1,1,1,4.09269,0,0,1,0,0,0,0,0,0,1,0,0,0,0,0,0,0,0,0,0,0,0,0,1,0,0,0,0,0,0,0,0,0,0,0,0,0,0,0,0,0,0,0,1
14023.93855,13776,Chevrolet,Cobalt,Coupe 2D,Coupe,4,2.2,2,0,1,1,4.14687,0,0,1,0,0,0,0,1,0,0,0,0,0,0,0,0,0,0,0,0,0,0,0,0,1,0,0,0,0,0,0,0,0,0,0,0,0,0,0,0,0,0,0,1
13135.90503,21796,Chevrolet,Cobalt,Coupe 2D,Coupe,4,2.2,2,1,1,1,4.11846,0,0,1,0,0,0,0,1,0,0,0,0,0,0,0,0,0,0,0,0,0,0,0,0,1,0,0,0,0,0,0,0,0,0,0,0,0,0,0,0,0,0,0,1
12845.17425,22382,Chevrolet,Cobalt,Coupe 2D,Coupe,4,2.2,2,1,1,1,4.10874,0,0,1,0,0,0,0,1,0,0,0,0,0,0,0,0,0,0,0,0,0,0,0,0,1,0,0,0,0,0,0,0,0,0,0,0,0,0,0,0,0,0,0,1
12897.92954,23200,Chevrolet,Cobalt,Coupe 2D,Coupe,4,2.2,2,1,1,1,4.11052,0,0,1,0,0,0,0,1,0,0,0,0,0,0,0,0,0,0,0,0,0,0,0,0,1,0,0,0,0,0,0,0,0,0,0,0,0,0,0,0,0,0,0,1
12706.91135,27521,Chevrolet,Cobalt,Coupe 2D,Coupe,4,2.2,2,1,1,1,4.10404,0,0,1,0,0,0,0,1,0,0,0,0,0,0,0,0,0,0,0,0,0,0,0,0,1,0,0,0,0,0,0,0,0,0,0,0,0,0,0,0,0,0,0,1
15635.79616,1169,Chevrolet,Cobalt,LS Coupe 2D,Coupe,4,2.2,2,0,1,1,4.19412,0,0,1,0,0,0,0,1,0,0,0,0,0,0,0,0,0,0,0,0,0,0,0,0,1,0,0,0,0,0,0,0,0,0,0,0,0,0,0,0,0,0,0,1
14619.07856,15768,Chevrolet,Cobalt,LS Coupe 2D,Coupe,4,2.2,2,1,1,1,4.16492,0,0,1,0,0,0,0,1,0,0,0,0,0,0,0,0,0,0,0,0,0,0,0,0,1,0,0,0,0,0,0,0,0,0,0,0,0,0,0,0,0,0,0,1
13699.03578,25845,Chevrolet,Cobalt,LS Coupe 2D,Coupe,4,2.2,2,1,1,1,4.13669,0,0,1,0,0,0,0,1,0,0,0,0,0,0,0,0,0,0,0,0,0,0,0,0,1,0,0,0,0,0,0,0,0,0,0,0,0,0,0,0,0,0,0,1
13530.06864,27249,Chevrolet,Cobalt,LS Coupe 2D,Coupe,4,2.2,2,1,1,1,4.1313,0,0,1,0,0,0,0,1,0,0,0,0,0,0,0,0,0,0,0,0,0,0,0,0,1,0,0,0,0,0,0,0,0,0,0,0,0,0,0,0,0,0,0,1
12684.98623,29891,Chevrolet,Cobalt,LS Coupe 2D,Coupe,4,2.2,2,1,1,1,4.10329,0,0,1,0,0,0,0,1,0,0,0,0,0,0,0,0,0,0,0,0,0,0,0,0,1,0,0,0,0,0,0,0,0,0,0,0,0,0,0,0,0,0,0,1
14997.88434,8880,Chevrolet,Cobalt,LS Sedan 4D,Sedan,4,2.2,4,0,1,1,4.17603,0,0,1,0,0,0,0,0,0,1,0,0,0,0,0,0,0,0,0,0,0,0,0,0,1,0,0,0,0,0,0,0,0,0,0,0,0,0,0,0,0,0,0,1
15128.99224,13828,Chevrolet,Cobalt,LS Sedan 4D,Sedan,4,2.2,4,1,1,1,4.17981,0,0,1,0,0,0,0,0,0,1,0,0,0,0,0,0,0,0,0,0,0,0,0,0,1,0,0,0,0,0,0,0,0,0,0,0,0,0,0,0,0,0,0,1
14593.8541,18790,Chevrolet,Cobalt,LS Sedan 4D,Sedan,4,2.2,4,0,1,1,4.16417,0,0,1,0,0,0,0,0,0,1,0,0,0,0,0,0,0,0,0,0,0,0,0,0,1,0,0,0,0,0,0,0,0,0,0,0,0,0,0,0,0,0,0,1
13688.94568,21611,Chevrolet,Cobalt,LS Sedan 4D,Sedan,4,2.2,4,1,1,1,4.13637,0,0,1,0,0,0,0,0,0,1,0,0,0,0,0,0,0,0,0,0,0,0,0,0,1,0,0,0,0,0,0,0,0,0,0,0,0,0,0,0,0,0,0,1
13545.0309,27431,Chevrolet,Cobalt,LS Sedan 4D,Sedan,4,2.2,4,0,1,1,4.13178,0,0,1,0,0,0,0,0,0,1,0,0,0,0,0,0,0,0,0,0,0,0,0,0,1,0,0,0,0,0,0,0,0,0,0,0,0,0,0,0,0,0,0,1
16116.84392,865,Chevrolet,Cobalt,LT Sedan 4D,Sedan,4,2.2,4,1,1,1,4.20728,0,0,1,0,0,0,0,0,0,1,0,0,0,0,0,0,0,0,0,0,0,0,0,0,1,0,0,0,0,0,0,0,0,0,0,0,0,0,0,0,0,0,0,1
15084.8154,14824,Chevrolet,Cobalt,LT Sedan 4D,Sedan,4,2.2,4,1,1,1,4.17854,0,0,1,0,0,0,0,0,0,1,0,0,0,0,0,0,0,0,0,0,0,0,0,0,1,0,0,0,0,0,0,0,0,0,0,0,0,0,0,0,0,0,0,1
14897.04055,18210,Chevrolet,Cobalt,LT Sedan 4D,Sedan,4,2.2,4,1,1,1,4.1731,0,0,1,0,0,0,0,0,0,1,0,0,0,0,0,0,0,0,0,0,0,0,0,0,1,0,0,0,0,0,0,0,0,0,0,0,0,0,0,0,0,0,0,1
14418.16529,19818,Chevrolet,Cobalt,LT Sedan 4D,Sedan,4,2.2,4,0,1,1,4.15891,0,0,1,0,0,0,0,0,0,1,0,0,0,0,0,0,0,0,0,0,0,0,0,0,1,0,0,0,0,0,0,0,0,0,0,0,0,0,0,0,0,0,0,1
14401.90693,21527,Chevrolet,Cobalt,LT Sedan 4D,Sedan,4,2.2,4,0,1,1,4.15842,0,0,1,0,0,0,0,0,0,1,0,0,0,0,0,0,0,0,0,0,0,0,0,0,1,0,0,0,0,0,0,0,0,0,0,0,0,0,0,0,0,0,0,1
14429.78964,6114,Chevrolet,Cobalt,Sedan 4D,Sedan,4,2.2,4,1,1,1,4.15926,0,0,1,0,0,0,0,0,0,1,0,0,0,0,0,0,0,0,0,0,0,0,0,0,1,0,0,0,0,0,0,0,0,0,0,0,0,0,0,0,0,0,0,1
14582.76912,7115,Chevrolet,Cobalt,Sedan 4D,Sedan,4,2.2,4,1,1,1,4.16384,0,0,1,0,0,0,0,0,0,1,0,0,0,0,0,0,0,0,0,0,0,0,0,0,1,0,0,0,0,0,0,0,0,0,0,0,0,0,0,0,0,0,0,1
14072.13523,15233,Chevrolet,Cobalt,Sedan 4D,Sedan,4,2.2,4,0,1,1,4.14836,0,0,1,0,0,0,0,0,0,1,0,0,0,0,0,0,0,0,0,0,0,0,0,0,1,0,0,0,0,0,0,0,0,0,0,0,0,0,0,0,0,0,0,1
13830.24902,17594,Chevrolet,Cobalt,Sedan 4D,Sedan,4,2.2,4,0,1,1,4.14083,0,0,1,0,0,0,0,0,0,1,0,0,0,0,0,0,0,0,0,0,0,0,0,0,1,0,0,0,0,0,0,0,0,0,0,0,0,0,0,0,0,0,0,1
12495.97075,26204,Chevrolet,Cobalt,Sedan 4D,Sedan,4,2.2,4,0,1,1,4.09677,0,0,1,0,0,0,0,0,0,1,0,0,0,0,0,0,0,0,0,0,0,0,0,0,1,0,0,0,0,0,0,0,0,0,0,0,0,0,0,0,0,0,0,1
46732.60603,3625,Chevrolet,Corvette,Conv 2D,Convertible,8,6,2,1,1,1,4.66962,0,0,1,0,0,0,1,0,0,0,0,0,0,0,0,0,0,0,0,0,0,0,0,0,0,1,0,0,0,0,0,0,0,0,0,0,0,0,0,0,0,0,0,1
44749.68679,12115,Chevrolet,Corvette,Conv 2D,Convertible,8,6,2,1,0,1,4.65079,0,0,1,0,0,0,1,0,0,0,0,0,0,0,0,0,0,0,0,0,0,0,0,0,0,1,0,0,0,0,0,0,0,0,0,0,0,0,0,0,0,0,0,1
41371.37927,20000,Chevrolet,Corvette,Conv 2D,Convertible,8,6,2,1,0,1,4.6167,0,0,1,0,0,0,1,0,0,0,0,0,0,0,0,0,0,0,0,0,0,0,0,0,0,1,0,0,0,0,0,0,0,0,0,0,0,0,0,0,0,0,0,1
39691.7274,25169,Chevrolet,Corvette,Conv 2D,Convertible,8,6,2,1,1,1,4.5987,0,0,1,0,0,0,1,0,0,0,0,0,0,0,0,0,0,0,0,0,0,0,0,0,0,1,0,0,0,0,0,0,0,0,0,0,0,0,0,0,0,0,0,1
36970.89805,30502,Chevrolet,Corvette,Conv 2D,Convertible,8,6,2,1,1,1,4.56786,0,0,1,0,0,0,1,0,0,0,0,0,0,0,0,0,0,0,0,0,0,0,0,0,0,1,0,0,0,0,0,0,0,0,0,0,0,0,0,0,0,0,0,1
39875.85426,7054,Chevrolet,Corvette,Coupe 2D,Coupe,8,6,2,1,0,1,4.60071,0,0,1,0,0,0,0,1,0,0,0,0,0,0,0,0,0,0,0,0,0,0,0,0,0,1,0,0,0,0,0,0,0,0,0,0,0,0,0,0,0,0,0,1
38990.60733,9410,Chevrolet,Corvette,Coupe 2D,Coupe,8,6,2,1,1,1,4.59096,0,0,1,0,0,0,0,1,0,0,0,0,0,0,0,0,0,0,0,0,0,0,0,0,0,1,0,0,0,0,0,0,0,0,0,0,0,0,0,0,0,0,0,1
39365.88324,11619,Chevrolet,Corvette,Coupe 2D,Coupe,8,6,2,1,1,1,4.59512,0,0,1,0,0,0,0,1,0,0,0,0,0,0,0,0,0,0,0,0,0,0,0,0,0,1,0,0,0,0,0,0,0,0,0,0,0,0,0,0,0,0,0,1
35575.41705,22740,Chevrolet,Corvette,Coupe 2D,Coupe,8,6,2,1,0,1,4.55115,0,0,1,0,0,0,0,1,0,0,0,0,0,0,0,0,0,0,0,0,0,0,0,0,0,1,0,0,0,0,0,0,0,0,0,0,0,0,0,0,0,0,0,1
34739.21496,25747,Chevrolet,Corvette,Coupe 2D,Coupe,8,6,2,1,0,1,4.54082,0,0,1,0,0,0,0,1,0,0,0,0,0,0,0,0,0,0,0,0,0,0,0,0,0,1,0,0,0,0,0,0,0,0,0,0,0,0,0,0,0,0,0,1
21757.04951,1853,Chevrolet,Impala,LS Sedan 4D,Sedan,6,3.8,4,1,0,0,4.3376,0,0,1,0,0,0,0,0,0,1,0,0,0,0,0,0,0,0,0,0,0,0,0,0,0,0,1,0,0,0,0,0,0,0,0,0,0,0,0,0,0,0,0,1
19075.67875,18198,Chevrolet,Impala,LS Sedan 4D,Sedan,6,3.8,4,1,0,1,4.28048,0,0,1,0,0,0,0,0,0,1,0,0,0,0,0,0,0,0,0,0,0,0,0,0,0,0,1,0,0,0,0,0,0,0,0,0,0,0,0,0,0,0,0,1
18527.20897,19874,Chevrolet,Impala,LS Sedan 4D,Sedan,6,3.8,4,1,1,0,4.26781,0,0,1,0,0,0,0,0,0,1,0,0,0,0,0,0,0,0,0,0,0,0,0,0,0,0,1,0,0,0,0,0,0,0,0,0,0,0,0,0,0,0,0,1
17839.80077,25453,Chevrolet,Impala,LS Sedan 4D,Sedan,6,3.8,4,1,0,1,4.25139,0,0,1,0,0,0,0,0,0,1,0,0,0,0,0,0,0,0,0,0,0,0,0,0,0,0,1,0,0,0,0,0,0,0,0,0,0,0,0,0,0,0,0,1
17294.181,29368,Chevrolet,Impala,LS Sedan 4D,Sedan,6,3.8,4,1,1,0,4.2379,0,0,1,0,0,0,0,0,0,1,0,0,0,0,0,0,0,0,0,0,0,0,0,0,0,0,1,0,0,0,0,0,0,0,0,0,0,0,0,0,0,0,0,1
20021.19521,1787,Chevrolet,Impala,Sedan 4D,Sedan,6,3.8,4,1,0,0,4.30149,0,0,1,0,0,0,0,0,0,1,0,0,0,0,0,0,0,0,0,0,0,0,0,0,0,0,1,0,0,0,0,0,0,0,0,0,0,0,0,0,0,0,0,1
18727.50838,14054,Chevrolet,Impala,Sedan 4D,Sedan,6,3.8,4,1,1,1,4.27248,0,0,1,0,0,0,0,0,0,1,0,0,0,0,0,0,0,0,0,0,0,0,0,0,0,0,1,0,0,0,0,0,0,0,0,0,0,0,0,0,0,0,0,1
17154.57646,21567,Chevrolet,Impala,Sedan 4D,Sedan,6,3.8,4,1,0,1,4.23438,0,0,1,0,0,0,0,0,0,1,0,0,0,0,0,0,0,0,0,0,0,0,0,0,0,0,1,0,0,0,0,0,0,0,0,0,0,0,0,0,0,0,0,1
15951.81117,26070,Chevrolet,Impala,Sedan 4D,Sedan,6,3.8,4,1,1,1,4.20281,0,0,1,0,0,0,0,0,0,1,0,0,0,0,0,0,0,0,0,0,0,0,0,0,0,0,1,0,0,0,0,0,0,0,0,0,0,0,0,0,0,0,0,1
15832.51835,31202,Chevrolet,Impala,Sedan 4D,Sedan,6,3.8,4,1,1,1,4.19955,0,0,1,0,0,0,0,0,0,1,0,0,0,0,0,0,0,0,0,0,0,0,0,0,0,0,1,0,0,0,0,0,0,0,0,0,0,0,0,0,0,0,0,1
25948.96259,636,Chevrolet,Impala,SS Sedan 4D,Sedan,6,3.8,4,1,0,0,4.41412,0,0,1,0,0,0,0,0,0,1,0,0,0,0,0,0,0,0,0,0,0,0,0,0,0,0,1,0,0,0,0,0,0,0,0,0,0,0,0,0,0,0,0,1
25097.47325,14461,Chevrolet,Impala,SS Sedan 4D,Sedan,6,3.8,4,1,1,1,4.39963,0,0,1,0,0,0,0,0,0,1,0,0,0,0,0,0,0,0,0,0,0,0,0,0,0,0,1,0,0,0,0,0,0,0,0,0,0,0,0,0,0,0,0,1
23345.32907,22964,Chevrolet,Impala,SS Sedan 4D,Sedan,6,3.8,4,1,1,1,4.3682,0,0,1,0,0,0,0,0,0,1,0,0,0,0,0,0,0,0,0,0,0,0,0,0,0,0,1,0,0,0,0,0,0,0,0,0,0,0,0,0,0,0,0,1
22064.29219,27384,Chevrolet,Impala,SS Sedan 4D,Sedan,6,3.8,4,1,1,1,4.34369,0,0,1,0,0,0,0,0,0,1,0,0,0,0,0,0,0,0,0,0,0,0,0,0,0,0,1,0,0,0,0,0,0,0,0,0,0,0,0,0,0,0,0,1
22120.75776,28242,Chevrolet,Impala,SS Sedan 4D,Sedan,6,3.8,4,1,1,1,4.3448,0,0,1,0,0,0,0,0,0,1,0,0,0,0,0,0,0,0,0,0,0,0,0,0,0,0,1,0,0,0,0,0,0,0,0,0,0,0,0,0,0,0,0,1
18957.89004,5936,Chevrolet,Malibu,LS MAXX Hback 4D,Hatchback,6,3.5,4,0,1,1,4.27779,0,0,1,0,0,0,0,0,1,0,0,0,0,0,0,0,0,0,0,0,0,0,0,0,0,0,0,1,0,0,0,0,0,0,0,0,0,0,0,0,0,0,0,1
17891.63378,17020,Chevrolet,Malibu,LS MAXX Hback 4D,Hatchback,6,3.5,4,0,1,1,4.25265,0,0,1,0,0,0,0,0,1,0,0,0,0,0,0,0,0,0,0,0,0,0,0,0,0,0,0,1,0,0,0,0,0,0,0,0,0,0,0,0,0,0,0,1
16723.99388,19740,Chevrolet,Malibu,LS MAXX Hback 4D,Hatchback,6,3.5,4,1,1,1,4.22334,0,0,1,0,0,0,0,0,1,0,0,0,0,0,0,0,0,0,0,0,0,0,0,0,0,0,0,1,0,0,0,0,0,0,0,0,0,0,0,0,0,0,0,1
16825.19088,23460,Chevrolet,Malibu,LS MAXX Hback 4D,Hatchback,6,3.5,4,0,1,1,4.22596,0,0,1,0,0,0,0,0,1,0,0,0,0,0,0,0,0,0,0,0,0,0,0,0,0,0,0,1,0,0,0,0,0,0,0,0,0,0,0,0,0,0,0,1
16143.95729,26532,Chevrolet,Malibu,LS MAXX Hback 4D,Hatchback,6,3.5,4,1,1,1,4.20801,0,0,1,0,0,0,0,0,1,0,0,0,0,0,0,0,0,0,0,0,0,0,0,0,0,0,0,1,0,0,0,0,0,0,0,0,0,0,0,0,0,0,0,1
19164.61063,1480,Chevrolet,Malibu,LS Sedan 4D,Sedan,6,3.5,4,1,1,1,4.2825,0,0,1,0,0,0,0,0,0,1,0,0,0,0,0,0,0,0,0,0,0,0,0,0,0,0,0,1,0,0,0,0,0,0,0,0,0,0,0,0,0,0,0,1
17458.22153,15144,Chevrolet,Malibu,LS Sedan 4D,Sedan,6,3.5,4,1,1,1,4.242,0,0,1,0,0,0,0,0,0,1,0,0,0,0,0,0,0,0,0,0,0,0,0,0,0,0,0,1,0,0,0,0,0,0,0,0,0,0,0,0,0,0,0,1
16472.89765,21675,Chevrolet,Malibu,LS Sedan 4D,Sedan,6,3.5,4,1,1,1,4.21677,0,0,1,0,0,0,0,0,0,1,0,0,0,0,0,0,0,0,0,0,0,0,0,0,0,0,0,1,0,0,0,0,0,0,0,0,0,0,0,0,0,0,0,1
16300.46524,25697,Chevrolet,Malibu,LS Sedan 4D,Sedan,6,3.5,4,1,1,1,4.2122,0,0,1,0,0,0,0,0,0,1,0,0,0,0,0,0,0,0,0,0,0,0,0,0,0,0,0,1,0,0,0,0,0,0,0,0,0,0,0,0,0,0,0,1
15138.40082,32462,Chevrolet,Malibu,LS Sedan 4D,Sedan,6,3.5,4,0,1,1,4.18008,0,0,1,0,0,0,0,0,0,1,0,0,0,0,0,0,0,0,0,0,0,0,0,0,0,0,0,1,0,0,0,0,0,0,0,0,0,0,0,0,0,0,0,1
19471.97485,6608,Chevrolet,Malibu,LT MAXX Hback 4D,Hatchback,6,3.5,4,1,1,1,4.28941,0,0,1,0,0,0,0,0,1,0,0,0,0,0,0,0,0,0,0,0,0,0,0,0,0,0,0,1,0,0,0,0,0,0,0,0,0,0,0,0,0,0,0,1
18273.00613,16335,Chevrolet,Malibu,LT MAXX Hback 4D,Hatchback,6,3.5,4,0,1,1,4.26181,0,0,1,0,0,0,0,0,1,0,0,0,0,0,0,0,0,0,0,0,0,0,0,0,0,0,0,1,0,0,0,0,0,0,0,0,0,0,0,0,0,0,0,1
17553.75368,18451,Chevrolet,Malibu,LT MAXX Hback 4D,Hatchback,6,3.5,4,0,1,1,4.24437,0,0,1,0,0,0,0,0,1,0,0,0,0,0,0,0,0,0,0,0,0,0,0,0,0,0,0,1,0,0,0,0,0,0,0,0,0,0,0,0,0,0,0,1
17663.22495,19490,Chevrolet,Malibu,LT MAXX Hback 4D,Hatchback,6,3.5,4,1,1,1,4.24707,0,0,1,0,0,0,0,0,1,0,0,0,0,0,0,0,0,0,0,0,0,0,0,0,0,0,0,1,0,0,0,0,0,0,0,0,0,0,0,0,0,0,0,1
16988.30306,24905,Chevrolet,Malibu,LT MAXX Hback 4D,Hatchback,6,3.5,4,1,1,1,4.23015,0,0,1,0,0,0,0,0,1,0,0,0,0,0,0,0,0,0,0,0,0,0,0,0,0,0,0,1,0,0,0,0,0,0,0,0,0,0,0,0,0,0,0,1
19446.88294,932,Chevrolet,Malibu,LT Sedan 4D,Sedan,6,3.5,4,0,1,1,4.28885,0,0,1,0,0,0,0,0,0,1,0,0,0,0,0,0,0,0,0,0,0,0,0,0,0,0,0,1,0,0,0,0,0,0,0,0,0,0,0,0,0,0,0,1
17316.0966,19593,Chevrolet,Malibu,LT Sedan 4D,Sedan,6,3.5,4,1,1,1,4.23845,0,0,1,0,0,0,0,0,0,1,0,0,0,0,0,0,0,0,0,0,0,0,0,0,0,0,0,1,0,0,0,0,0,0,0,0,0,0,0,0,0,0,0,1
17312.90715,21420,Chevrolet,Malibu,LT Sedan 4D,Sedan,6,3.5,4,1,1,1,4.23837,0,0,1,0,0,0,0,0,0,1,0,0,0,0,0,0,0,0,0,0,0,0,0,0,0,0,0,1,0,0,0,0,0,0,0,0,0,0,0,0,0,0,0,1
16536.74388,24218,Chevrolet,Malibu,LT Sedan 4D,Sedan,6,3.5,4,1,1,1,4.21845,0,0,1,0,0,0,0,0,0,1,0,0,0,0,0,0,0,0,0,0,0,0,0,0,0,0,0,1,0,0,0,0,0,0,0,0,0,0,0,0,0,0,0,1
16713.98469,26328,Chevrolet,Malibu,LT Sedan 4D,Sedan,6,3.5,4,1,1,1,4.22308,0,0,1,0,0,0,0,0,0,1,0,0,0,0,0,0,0,0,0,0,0,0,0,0,0,0,0,1,0,0,0,0,0,0,0,0,0,0,0,0,0,0,0,1
18974.92203,5632,Chevrolet,Malibu,MAXX Hback 4D,Hatchback,6,3.5,4,0,1,1,4.27818,0,0,1,0,0,0,0,0,1,0,0,0,0,0,0,0,0,0,0,0,0,0,0,0,0,0,0,1,0,0,0,0,0,0,0,0,0,0,0,0,0,0,0,1
19581.23141,7645,Chevrolet,Malibu,MAXX Hback 4D,Hatchback,6,3.5,4,0,1,1,4.29184,0,0,1,0,0,0,0,0,1,0,0,0,0,0,0,0,0,0,0,0,0,0,0,0,0,0,0,1,0,0,0,0,0,0,0,0,0,0,0,0,0,0,0,1
17986.22409,17488,Chevrolet,Malibu,MAXX Hback 4D,Hatchback,6,3.5,4,0,1,1,4.25494,0,0,1,0,0,0,0,0,1,0,0,0,0,0,0,0,0,0,0,0,0,0,0,0,0,0,0,1,0,0,0,0,0,0,0,0,0,0,0,0,0,0,0,1
16456.97464,20200,Chevrolet,Malibu,MAXX Hback 4D,Hatchback,6,3.5,4,0,1,1,4.21635,0,0,1,0,0,0,0,0,1,0,0,0,0,0,0,0,0,0,0,0,0,0,0,0,0,0,0,1,0,0,0,0,0,0,0,0,0,0,0,0,0,0,0,1
16860.09433,22841,Chevrolet,Malibu,MAXX Hback 4D,Hatchback,6,3.5,4,1,1,1,4.22686,0,0,1,0,0,0,0,0,1,0,0,0,0,0,0,0,0,0,0,0,0,0,0,0,0,0,0,1,0,0,0,0,0,0,0,0,0,0,0,0,0,0,0,1
17089.91883,8732,Chevrolet,Malibu,Sedan 4D,Sedan,6,3.5,4,0,1,1,4.23274,0,0,1,0,0,0,0,0,0,1,0,0,0,0,0,0,0,0,0,0,0,0,0,0,0,0,0,1,0,0,0,0,0,0,0,0,0,0,0,0,0,0,0,1
17218.68575,14579,Chevrolet,Malibu,Sedan 4D,Sedan,6,3.5,4,1,1,1,4.236,0,0,1,0,0,0,0,0,0,1,0,0,0,0,0,0,0,0,0,0,0,0,0,0,0,0,0,1,0,0,0,0,0,0,0,0,0,0,0,0,0,0,0,1
16507.07027,17451,Chevrolet,Malibu,Sedan 4D,Sedan,6,3.5,4,0,1,1,4.21767,0,0,1,0,0,0,0,0,0,1,0,0,0,0,0,0,0,0,0,0,0,0,0,0,0,0,0,1,0,0,0,0,0,0,0,0,0,0,0,0,0,0,0,1
16646.7708,20154,Chevrolet,Malibu,Sedan 4D,Sedan,6,3.5,4,0,1,1,4.22133,0,0,1,0,0,0,0,0,0,1,0,0,0,0,0,0,0,0,0,0,0,0,0,0,0,0,0,1,0,0,0,0,0,0,0,0,0,0,0,0,0,0,0,1
15664.6249,25787,Chevrolet,Malibu,Sedan 4D,Sedan,6,3.5,4,1,1,1,4.19492,0,0,1,0,0,0,0,0,0,1,0,0,0,0,0,0,0,0,0,0,0,0,0,0,0,0,0,1,0,0,0,0,0,0,0,0,0,0,0,0,0,0,0,1
18800.0931,5827,Chevrolet,Monte Carlo,LS Coupe 2D,Coupe,6,3.8,2,1,0,0,4.27416,0,0,1,0,0,0,0,1,0,0,0,0,0,0,0,0,0,0,0,0,0,0,0,0,0,0,0,0,1,0,0,0,0,0,0,0,0,0,0,0,0,0,0,1
19177.41206,10414,Chevrolet,Monte Carlo,LS Coupe 2D,Coupe,6,3.8,2,1,1,0,4.28279,0,0,1,0,0,0,0,1,0,0,0,0,0,0,0,0,0,0,0,0,0,0,0,0,0,0,0,0,1,0,0,0,0,0,0,0,0,0,0,0,0,0,0,1
17685.20099,15898,Chevrolet,Monte Carlo,LS Coupe 2D,Coupe,6,3.8,2,1,0,0,4.24761,0,0,1,0,0,0,0,1,0,0,0,0,0,0,0,0,0,0,0,0,0,0,0,0,0,0,0,0,1,0,0,0,0,0,0,0,0,0,0,0,0,0,0,1
16357.99232,23491,Chevrolet,Monte Carlo,LS Coupe 2D,Coupe,6,3.8,2,1,1,0,4.21373,0,0,1,0,0,0,0,1,0,0,0,0,0,0,0,0,0,0,0,0,0,0,0,0,0,0,0,0,1,0,0,0,0,0,0,0,0,0,0,0,0,0,0,1
15797.19576,26700,Chevrolet,Monte Carlo,LS Coupe 2D,Coupe,6,3.8,2,1,1,0,4.19858,0,0,1,0,0,0,0,1,0,0,0,0,0,0,0,0,0,0,0,0,0,0,0,0,0,0,0,0,1,0,0,0,0,0,0,0,0,0,0,0,0,0,0,1
21745.02944,7065,Chevrolet,Monte Carlo,LT Coupe 2D,Coupe,6,3.8,2,1,1,0,4.33736,0,0,1,0,0,0,0,1,0,0,0,0,0,0,0,0,0,0,0,0,0,0,0,0,0,0,0,0,1,0,0,0,0,0,0,0,0,0,0,0,0,0,0,1
22384.11869,14788,Chevrolet,Monte Carlo,LT Coupe 2D,Coupe,6,3.8,2,1,1,1,4.34994,0,0,1,0,0,0,0,1,0,0,0,0,0,0,0,0,0,0,0,0,0,0,0,0,0,0,0,0,1,0,0,0,0,0,0,0,0,0,0,0,0,0,0,1
21233.91136,17337,Chevrolet,Monte Carlo,LT Coupe 2D,Coupe,6,3.8,2,1,1,1,4.32703,0,0,1,0,0,0,0,1,0,0,0,0,0,0,0,0,0,0,0,0,0,0,0,0,0,0,0,0,1,0,0,0,0,0,0,0,0,0,0,0,0,0,0,1
20839.14997,22152,Chevrolet,Monte Carlo,LT Coupe 2D,Coupe,6,3.8,2,1,1,1,4.31888,0,0,1,0,0,0,0,1,0,0,0,0,0,0,0,0,0,0,0,0,0,0,0,0,0,0,0,0,1,0,0,0,0,0,0,0,0,0,0,0,0,0,0,1
18876.87065,27218,Chevrolet,Monte Carlo,LT Coupe 2D,Coupe,6,3.8,2,1,1,0,4.27593,0,0,1,0,0,0,0,1,0,0,0,0,0,0,0,0,0,0,0,0,0,0,0,0,0,0,0,0,1,0,0,0,0,0,0,0,0,0,0,0,0,0,0,1
23573.822,12466,Chevrolet,Monte Carlo,SS Coupe 2D,Coupe,6,3.8,2,1,1,0,4.37243,0,0,1,0,0,0,0,1,0,0,0,0,0,0,0,0,0,0,0,0,0,0,0,0,0,0,0,0,1,0,0,0,0,0,0,0,0,0,0,0,0,0,0,1
22113.62802,21992,Chevrolet,Monte Carlo,SS Coupe 2D,Coupe,6,3.8,2,1,1,0,4.34466,0,0,1,0,0,0,0,1,0,0,0,0,0,0,0,0,0,0,0,0,0,0,0,0,0,0,0,0,1,0,0,0,0,0,0,0,0,0,0,0,0,0,0,1
20619.11401,24067,Chevrolet,Monte Carlo,SS Coupe 2D,Coupe,6,3.8,2,1,0,0,4.31427,0,0,1,0,0,0,0,1,0,0,0,0,0,0,0,0,0,0,0,0,0,0,0,0,0,0,0,0,1,0,0,0,0,0,0,0,0,0,0,0,0,0,0,1
21525.33901,25020,Chevrolet,Monte Carlo,SS Coupe 2D,Coupe,6,3.8,2,1,1,1,4.33295,0,0,1,0,0,0,0,1,0,0,0,0,0,0,0,0,0,0,0,0,0,0,0,0,0,0,0,0,1,0,0,0,0,0,0,0,0,0,0,0,0,0,0,1
21020.83678,25550,Chevrolet,Monte Carlo,SS Coupe 2D,Coupe,6,3.8,2,1,1,1,4.32265,0,0,1,0,0,0,0,1,0,0,0,0,0,0,0,0,0,0,0,0,0,0,0,0,0,0,0,0,1,0,0,0,0,0,0,0,0,0,0,0,0,0,0,1
25452.47385,11892,Pontiac,Bonneville,GXP Sedan 4D,Sedan,8,4.6,4,1,0,1,4.40573,0,0,0,1,0,0,0,0,0,1,0,0,0,0,0,0,0,0,0,0,0,0,0,0,0,0,0,0,0,1,0,0,0,0,0,0,0,0,0,0,0,0,0,1
23578.16486,19148,Pontiac,Bonneville,GXP Sedan 4D,Sedan,8,4.6,4,1,0,1,4.37251,0,0,0,1,0,0,0,0,0,1,0,0,0,0,0,0,0,0,0,0,0,0,0,0,0,0,0,0,0,1,0,0,0,0,0,0,0,0,0,0,0,0,0,1
21982.64771,20472,Pontiac,Bonneville,GXP Sedan 4D,Sedan,8,4.6,4,1,1,1,4.34208,0,0,0,1,0,0,0,0,0,1,0,0,0,0,0,0,0,0,0,0,0,0,0,0,0,0,0,0,0,1,0,0,0,0,0,0,0,0,0,0,0,0,0,1
22189.11597,25651,Pontiac,Bonneville,GXP Sedan 4D,Sedan,8,4.6,4,1,0,1,4.34614,0,0,0,1,0,0,0,0,0,1,0,0,0,0,0,0,0,0,0,0,0,0,0,0,0,0,0,0,0,1,0,0,0,0,0,0,0,0,0,0,0,0,0,1
21403.75642,27168,Pontiac,Bonneville,GXP Sedan 4D,Sedan,8,4.6,4,1,0,1,4.33049,0,0,0,1,0,0,0,0,0,1,0,0,0,0,0,0,0,0,0,0,0,0,0,0,0,0,0,0,0,1,0,0,0,0,0,0,0,0,0,0,0,0,0,1
19682.03501,11554,Pontiac,Bonneville,SE Sedan 4D,Sedan,6,3.8,4,1,0,1,4.29407,0,0,0,1,0,0,0,0,0,1,0,0,0,0,0,0,0,0,0,0,0,0,0,0,0,0,0,0,0,1,0,0,0,0,0,0,0,0,0,0,0,0,0,1
20318.89097,17583,Pontiac,Bonneville,SE Sedan 4D,Sedan,6,3.8,4,1,1,0,4.3079,0,0,0,1,0,0,0,0,0,1,0,0,0,0,0,0,0,0,0,0,0,0,0,0,0,0,0,0,0,1,0,0,0,0,0,0,0,0,0,0,0,0,0,1
19751.04143,20510,Pontiac,Bonneville,SE Sedan 4D,Sedan,6,3.8,4,1,0,1,4.29559,0,0,0,1,0,0,0,0,0,1,0,0,0,0,0,0,0,0,0,0,0,0,0,0,0,0,0,0,0,1,0,0,0,0,0,0,0,0,0,0,0,0,0,1
18856.01869,22423,Pontiac,Bonneville,SE Sedan 4D,Sedan,6,3.8,4,1,1,0,4.27545,0,0,0,1,0,0,0,0,0,1,0,0,0,0,0,0,0,0,0,0,0,0,0,0,0,0,0,0,0,1,0,0,0,0,0,0,0,0,0,0,0,0,0,1
18063.00491,27574,Pontiac,Bonneville,SE Sedan 4D,Sedan,6,3.8,4,1,0,0,4.25679,0,0,0,1,0,0,0,0,0,1,0,0,0,0,0,0,0,0,0,0,0,0,0,0,0,0,0,0,0,1,0,0,0,0,0,0,0,0,0,0,0,0,0,1
23197.43679,2295,Pontiac,Bonneville,SLE Sedan 4D,Sedan,6,3.8,4,1,1,1,4.36544,0,0,0,1,0,0,0,0,0,1,0,0,0,0,0,0,0,0,0,0,0,0,0,0,0,0,0,0,0,1,0,0,0,0,0,0,0,0,0,0,0,0,0,1
22460.53,8928,Pontiac,Bonneville,SLE Sedan 4D,Sedan,6,3.8,4,1,0,1,4.35142,0,0,0,1,0,0,0,0,0,1,0,0,0,0,0,0,0,0,0,0,0,0,0,0,0,0,0,0,0,1,0,0,0,0,0,0,0,0,0,0,0,0,0,1
22004.93044,15516,Pontiac,Bonneville,SLE Sedan 4D,Sedan,6,3.8,4,1,1,1,4.34252,0,0,0,1,0,0,0,0,0,1,0,0,0,0,0,0,0,0,0,0,0,0,0,0,0,0,0,0,0,1,0,0,0,0,0,0,0,0,0,0,0,0,0,1
20109.90412,22891,Pontiac,Bonneville,SLE Sedan 4D,Sedan,6,3.8,4,1,1,1,4.30341,0,0,0,1,0,0,0,0,0,1,0,0,0,0,0,0,0,0,0,0,0,0,0,0,0,0,0,0,0,1,0,0,0,0,0,0,0,0,0,0,0,0,0,1
19689.74084,27077,Pontiac,Bonneville,SLE Sedan 4D,Sedan,6,3.8,4,1,1,0,4.29424,0,0,0,1,0,0,0,0,0,1,0,0,0,0,0,0,0,0,0,0,0,0,0,0,0,0,0,0,0,1,0,0,0,0,0,0,0,0,0,0,0,0,0,1
21903.32262,4537,Pontiac,G6,GT Sedan 4D,Sedan,6,3.5,4,1,1,0,4.34051,0,0,0,1,0,0,0,0,0,1,0,0,0,0,0,0,0,0,0,0,0,0,0,0,0,0,0,0,0,0,1,0,0,0,0,0,0,0,0,0,0,0,0,1
22104.97357,9049,Pontiac,G6,GT Sedan 4D,Sedan,6,3.5,4,1,1,1,4.34449,0,0,0,1,0,0,0,0,0,1,0,0,0,0,0,0,0,0,0,0,0,0,0,0,0,0,0,0,0,0,1,0,0,0,0,0,0,0,0,0,0,0,0,1
21875.09763,12313,Pontiac,G6,GT Sedan 4D,Sedan,6,3.5,4,1,0,1,4.33995,0,0,0,1,0,0,0,0,0,1,0,0,0,0,0,0,0,0,0,0,0,0,0,0,0,0,0,0,0,0,1,0,0,0,0,0,0,0,0,0,0,0,0,1
19540.24479,22628,Pontiac,G6,GT Sedan 4D,Sedan,6,3.5,4,1,1,0,4.29093,0,0,0,1,0,0,0,0,0,1,0,0,0,0,0,0,0,0,0,0,0,0,0,0,0,0,0,0,0,0,1,0,0,0,0,0,0,0,0,0,0,0,0,1
18158.08313,28354,Pontiac,G6,GT Sedan 4D,Sedan,6,3.5,4,1,0,0,4.25907,0,0,0,1,0,0,0,0,0,1,0,0,0,0,0,0,0,0,0,0,0,0,0,0,0,0,0,0,0,0,1,0,0,0,0,0,0,0,0,0,0,0,0,1
21383.06716,7287,Pontiac,G6,Sedan 4D,Sedan,6,3.5,4,1,1,1,4.33007,0,0,0,1,0,0,0,0,0,1,0,0,0,0,0,0,0,0,0,0,0,0,0,0,0,0,0,0,0,0,1,0,0,0,0,0,0,0,0,0,0,0,0,1
20677.59382,11204,Pontiac,G6,Sedan 4D,Sedan,6,3.5,4,1,1,0,4.3155,0,0,0,1,0,0,0,0,0,1,0,0,0,0,0,0,0,0,0,0,0,0,0,0,0,0,0,0,0,0,1,0,0,0,0,0,0,0,0,0,0,0,0,1
18548.97859,20870,Pontiac,G6,Sedan 4D,Sedan,6,3.5,4,1,0,0,4.26832,0,0,0,1,0,0,0,0,0,1,0,0,0,0,0,0,0,0,0,0,0,0,0,0,0,0,0,0,0,0,1,0,0,0,0,0,0,0,0,0,0,0,0,1
18620.87137,25516,Pontiac,G6,Sedan 4D,Sedan,6,3.5,4,1,0,1,4.27,0,0,0,1,0,0,0,0,0,1,0,0,0,0,0,0,0,0,0,0,0,0,0,0,0,0,0,0,0,0,1,0,0,0,0,0,0,0,0,0,0,0,0,1
16216.98071,35624,Pontiac,G6,Sedan 4D,Sedan,6,3.5,4,1,1,0,4.20997,0,0,0,1,0,0,0,0,0,1,0,0,0,0,0,0,0,0,0,0,0,0,0,0,0,0,0,0,0,0,1,0,0,0,0,0,0,0,0,0,0,0,0,1
17360.81064,881,Pontiac,Grand Am,GT Coupe 2D,Coupe,6,3.4,2,0,1,1,4.23957,0,0,0,1,0,0,0,1,0,0,0,0,0,0,0,0,0,0,0,0,0,0,0,0,0,0,0,0,0,0,0,1,0,0,0,0,0,0,0,0,0,0,0,1
17141.94116,6761,Pontiac,Grand Am,GT Coupe 2D,Coupe,6,3.4,2,1,1,1,4.23406,0,0,0,1,0,0,0,1,0,0,0,0,0,0,0,0,0,0,0,0,0,0,0,0,0,0,0,0,0,0,0,1,0,0,0,0,0,0,0,0,0,0,0,1
16792.67953,12071,Pontiac,Grand Am,GT Coupe 2D,Coupe,6,3.4,2,1,1,1,4.22512,0,0,0,1,0,0,0,1,0,0,0,0,0,0,0,0,0,0,0,0,0,0,0,0,0,0,0,0,0,0,0,1,0,0,0,0,0,0,0,0,0,0,0,1
15253.86857,20917,Pontiac,Grand Am,GT Coupe 2D,Coupe,6,3.4,2,1,1,1,4.18338,0,0,0,1,0,0,0,1,0,0,0,0,0,0,0,0,0,0,0,0,0,0,0,0,0,0,0,0,0,0,0,1,0,0,0,0,0,0,0,0,0,0,0,1
15059.13408,22641,Pontiac,Grand Am,GT Coupe 2D,Coupe,6,3.4,2,1,1,1,4.1778,0,0,0,1,0,0,0,1,0,0,0,0,0,0,0,0,0,0,0,0,0,0,0,0,0,0,0,0,0,0,0,1,0,0,0,0,0,0,0,0,0,0,0,1
15979.01484,3946,Pontiac,Grand Am,SE Sedan 4D,Sedan,4,2.2,4,1,1,1,4.20355,0,0,0,1,0,0,0,0,0,1,0,0,0,0,0,0,0,0,0,0,0,0,0,0,0,0,0,0,0,0,0,1,0,0,0,0,0,0,0,0,0,0,0,1
15327.10032,4318,Pontiac,Grand Am,SE Sedan 4D,Sedan,4,2.2,4,0,1,1,4.18546,0,0,0,1,0,0,0,0,0,1,0,0,0,0,0,0,0,0,0,0,0,0,0,0,0,0,0,0,0,0,0,1,0,0,0,0,0,0,0,0,0,0,0,1
15604.14582,5788,Pontiac,Grand Am,SE Sedan 4D,Sedan,4,2.2,4,1,1,1,4.19324,0,0,0,1,0,0,0,0,0,1,0,0,0,0,0,0,0,0,0,0,0,0,0,0,0,0,0,0,0,0,0,1,0,0,0,0,0,0,0,0,0,0,0,1
15077.17584,13262,Pontiac,Grand Am,SE Sedan 4D,Sedan,4,2.2,4,0,1,1,4.17832,0,0,0,1,0,0,0,0,0,1,0,0,0,0,0,0,0,0,0,0,0,0,0,0,0,0,0,0,0,0,0,1,0,0,0,0,0,0,0,0,0,0,0,1
13034.06853,23976,Pontiac,Grand Am,SE Sedan 4D,Sedan,4,2.2,4,0,1,1,4.11508,0,0,0,1,0,0,0,0,0,1,0,0,0,0,0,0,0,0,0,0,0,0,0,0,0,0,0,0,0,0,0,1,0,0,0,0,0,0,0,0,0,0,0,1
18254.92277,16554,Pontiac,Grand Prix,GT Sedan 4D,Sedan,6,3.8,4,1,1,1,4.26138,0,0,0,1,0,0,0,0,0,1,0,0,0,0,0,0,0,0,0,0,0,0,0,0,0,0,0,0,0,0,0,0,1,0,0,0,0,0,0,0,0,0,0,1
17162.87344,20829,Pontiac,Grand Prix,GT Sedan 4D,Sedan,6,3.8,4,1,0,0,4.23459,0,0,0,1,0,0,0,0,0,1,0,0,0,0,0,0,0,0,0,0,0,0,0,0,0,0,0,0,0,0,0,0,1,0,0,0,0,0,0,0,0,0,0,1
15788.10478,25295,Pontiac,Grand Prix,GT Sedan 4D,Sedan,6,3.8,4,1,1,0,4.19833,0,0,0,1,0,0,0,0,0,1,0,0,0,0,0,0,0,0,0,0,0,0,0,0,0,0,0,0,0,0,0,0,1,0,0,0,0,0,0,0,0,0,0,1
16997.69374,25830,Pontiac,Grand Prix,GT Sedan 4D,Sedan,6,3.8,4,1,0,1,4.23039,0,0,0,1,0,0,0,0,0,1,0,0,0,0,0,0,0,0,0,0,0,0,0,0,0,0,0,0,0,0,0,0,1,0,0,0,0,0,0,0,0,0,0,1
15457.17059,29925,Pontiac,Grand Prix,GT Sedan 4D,Sedan,6,3.8,4,1,1,0,4.18913,0,0,0,1,0,0,0,0,0,1,0,0,0,0,0,0,0,0,0,0,0,0,0,0,0,0,0,0,0,0,0,0,1,0,0,0,0,0,0,0,0,0,0,1
21230.97799,11229,Pontiac,Grand Prix,GTP Sedan 4D,Sedan,6,3.8,4,1,1,0,4.32697,0,0,0,1,0,0,0,0,0,1,0,0,0,0,0,0,0,0,0,0,0,0,0,0,0,0,0,0,0,0,0,0,1,0,0,0,0,0,0,0,0,0,0,1
21300.01945,12772,Pontiac,Grand Prix,GTP Sedan 4D,Sedan,6,3.8,4,1,1,0,4.32838,0,0,0,1,0,0,0,0,0,1,0,0,0,0,0,0,0,0,0,0,0,0,0,0,0,0,0,0,0,0,0,0,1,0,0,0,0,0,0,0,0,0,0,1
19646.71748,21132,Pontiac,Grand Prix,GTP Sedan 4D,Sedan,6,3.8,4,1,1,1,4.29329,0,0,0,1,0,0,0,0,0,1,0,0,0,0,0,0,0,0,0,0,0,0,0,0,0,0,0,0,0,0,0,0,1,0,0,0,0,0,0,0,0,0,0,1
18701.22262,24992,Pontiac,Grand Prix,GTP Sedan 4D,Sedan,6,3.8,4,1,0,0,4.27187,0,0,0,1,0,0,0,0,0,1,0,0,0,0,0,0,0,0,0,0,0,0,0,0,0,0,0,0,0,0,0,0,1,0,0,0,0,0,0,0,0,0,0,1
19956.75841,26028,Pontiac,Grand Prix,GTP Sedan 4D,Sedan,6,3.8,4,1,1,0,4.30009,0,0,0,1,0,0,0,0,0,1,0,0,0,0,0,0,0,0,0,0,0,0,0,0,0,0,0,0,0,0,0,0,1,0,0,0,0,0,0,0,0,0,0,1
19822.11539,1592,Pontiac,Grand Prix,Sedan 4D,Sedan,6,3.8,4,1,1,0,4.29715,0,0,0,1,0,0,0,0,0,1,0,0,0,0,0,0,0,0,0,0,0,0,0,0,0,0,0,0,0,0,0,0,1,0,0,0,0,0,0,0,0,0,0,1
16853.10785,17959,Pontiac,Grand Prix,Sedan 4D,Sedan,6,3.8,4,1,0,0,4.22668,0,0,0,1,0,0,0,0,0,1,0,0,0,0,0,0,0,0,0,0,0,0,0,0,0,0,0,0,0,0,0,0,1,0,0,0,0,0,0,0,0,0,0,1
15979.01484,21974,Pontiac,Grand Prix,Sedan 4D,Sedan,6,3.8,4,1,0,0,4.20355,0,0,0,1,0,0,0,0,0,1,0,0,0,0,0,0,0,0,0,0,0,0,0,0,0,0,0,0,0,0,0,0,1,0,0,0,0,0,0,0,0,0,0,1
15724.25217,23989,Pontiac,Grand Prix,Sedan 4D,Sedan,6,3.8,4,1,0,0,4.19657,0,0,0,1,0,0,0,0,0,1,0,0,0,0,0,0,0,0,0,0,0,0,0,0,0,0,0,0,0,0,0,0,1,0,0,0,0,0,0,0,0,0,0,1
16041.68559,27800,Pontiac,Grand Prix,Sedan 4D,Sedan,6,3.8,4,1,1,0,4.20525,0,0,0,1,0,0,0,0,0,1,0,0,0,0,0,0,0,0,0,0,0,0,0,0,0,0,0,0,0,0,0,0,1,0,0,0,0,0,0,0,0,0,0,1
32422.76138,9185,Pontiac,GTO,Coupe 2D,Coupe,8,5.7,2,1,1,1,4.51085,0,0,0,1,0,0,0,1,0,0,0,0,0,0,0,0,0,0,0,0,0,0,0,0,0,0,0,0,0,0,0,0,0,1,0,0,0,0,0,0,0,0,0,1
31024.87211,13678,Pontiac,GTO,Coupe 2D,Coupe,8,5.7,2,1,1,1,4.49171,0,0,0,1,0,0,0,1,0,0,0,0,0,0,0,0,0,0,0,0,0,0,0,0,0,0,0,0,0,0,0,0,0,1,0,0,0,0,0,0,0,0,0,1
29664.70269,21418,Pontiac,GTO,Coupe 2D,Coupe,8,5.7,2,1,0,1,4.47224,0,0,0,1,0,0,0,1,0,0,0,0,0,0,0,0,0,0,0,0,0,0,0,0,0,0,0,0,0,0,0,0,0,1,0,0,0,0,0,0,0,0,0,1
27370.95811,24960,Pontiac,GTO,Coupe 2D,Coupe,8,5.7,2,1,1,1,4.43729,0,0,0,1,0,0,0,1,0,0,0,0,0,0,0,0,0,0,0,0,0,0,0,0,0,0,0,0,0,0,0,0,0,1,0,0,0,0,0,0,0,0,0,1
28502.30611,27199,Pontiac,GTO,Coupe 2D,Coupe,8,5.7,2,1,1,1,4.45488,0,0,0,1,0,0,0,1,0,0,0,0,0,0,0,0,0,0,0,0,0,0,0,0,0,0,0,0,0,0,0,0,0,1,0,0,0,0,0,0,0,0,0,1
13160.12456,13145,Pontiac,Sunfire,Coupe 2D,Coupe,4,2.2,2,0,1,1,4.11926,0,0,0,1,0,0,0,1,0,0,0,0,0,0,0,0,0,0,0,0,0,0,0,0,0,0,0,0,0,0,0,0,0,0,1,0,0,0,0,0,0,0,0,1
12828.03098,19081,Pontiac,Sunfire,Coupe 2D,Coupe,4,2.2,2,1,1,1,4.10816,0,0,0,1,0,0,0,1,0,0,0,0,0,0,0,0,0,0,0,0,0,0,0,0,0,0,0,0,0,0,0,0,0,0,1,0,0,0,0,0,0,0,0,1
12832.46239,20618,Pontiac,Sunfire,Coupe 2D,Coupe,4,2.2,2,1,1,1,4.10831,0,0,0,1,0,0,0,1,0,0,0,0,0,0,0,0,0,0,0,0,0,0,0,0,0,0,0,0,0,0,0,0,0,0,1,0,0,0,0,0,0,0,0,1
12465.50852,23931,Pontiac,Sunfire,Coupe 2D,Coupe,4,2.2,2,0,1,1,4.09571,0,0,0,1,0,0,0,1,0,0,0,0,0,0,0,0,0,0,0,0,0,0,0,0,0,0,0,0,0,0,0,0,0,0,1,0,0,0,0,0,0,0,0,1
11903.09775,25285,Pontiac,Sunfire,Coupe 2D,Coupe,4,2.2,2,0,1,1,4.07566,0,0,0,1,0,0,0,1,0,0,0,0,0,0,0,0,0,0,0,0,0,0,0,0,0,0,0,0,0,0,0,0,0,0,1,0,0,0,0,0,0,0,0,1
16391.92657,18096,Pontiac,Vibe,AWD Sportwagon 4D,Wagon,4,1.8,4,1,1,0,4.21463,0,0,0,1,0,0,0,0,0,0,1,0,0,0,0,0,0,0,0,0,0,0,0,0,0,0,0,0,0,0,0,0,0,0,0,1,0,0,0,0,0,0,0,1
16106.82722,19465,Pontiac,Vibe,AWD Sportwagon 4D,Wagon,4,1.8,4,1,0,0,4.20701,0,0,0,1,0,0,0,0,0,0,1,0,0,0,0,0,0,0,0,0,0,0,0,0,0,0,0,0,0,0,0,0,0,0,0,1,0,0,0,0,0,0,0,1
17325.26954,19894,Pontiac,Vibe,AWD Sportwagon 4D,Wagon,4,1.8,4,1,0,0,4.23868,0,0,0,1,0,0,0,0,0,0,1,0,0,0,0,0,0,0,0,0,0,0,0,0,0,0,0,0,0,0,0,0,0,0,0,1,0,0,0,0,0,0,0,1
15297.83597,23062,Pontiac,Vibe,AWD Sportwagon 4D,Wagon,4,1.8,4,0,0,0,4.18463,0,0,0,1,0,0,0,0,0,0,1,0,0,0,0,0,0,0,0,0,0,0,0,0,0,0,0,0,0,0,0,0,0,0,0,1,0,0,0,0,0,0,0,1
15174.34661,27887,Pontiac,Vibe,AWD Sportwagon 4D,Wagon,4,1.8,4,0,0,0,4.18111,0,0,0,1,0,0,0,0,0,0,1,0,0,0,0,0,0,0,0,0,0,0,0,0,0,0,0,0,0,0,0,0,0,0,0,1,0,0,0,0,0,0,0,1
17803.27909,12303,Pontiac,Vibe,GT Sportwagon,Wagon,4,1.8,4,1,1,1,4.2505,0,0,0,1,0,0,0,0,0,0,1,0,0,0,0,0,0,0,0,0,0,0,0,0,0,0,0,0,0,0,0,0,0,0,0,1,0,0,0,0,0,0,0,1
15977.91108,17053,Pontiac,Vibe,GT Sportwagon,Wagon,4,1.8,4,0,0,1,4.20352,0,0,0,1,0,0,0,0,0,0,1,0,0,0,0,0,0,0,0,0,0,0,0,0,0,0,0,0,0,0,0,0,0,0,0,1,0,0,0,0,0,0,0,1
15589.78048,21307,Pontiac,Vibe,GT Sportwagon,Wagon,4,1.8,4,0,0,0,4.19284,0,0,0,1,0,0,0,0,0,0,1,0,0,0,0,0,0,0,0,0,0,0,0,0,0,0,0,0,0,0,0,0,0,0,0,1,0,0,0,0,0,0,0,1
15802.65286,21461,Pontiac,Vibe,GT Sportwagon,Wagon,4,1.8,4,0,0,0,4.19873,0,0,0,1,0,0,0,0,0,0,1,0,0,0,0,0,0,0,0,0,0,0,0,0,0,0,0,0,0,0,0,0,0,0,0,1,0,0,0,0,0,0,0,1
14396.27056,31424,Pontiac,Vibe,GT Sportwagon,Wagon,4,1.8,4,0,0,0,4.15825,0,0,0,1,0,0,0,0,0,0,1,0,0,0,0,0,0,0,0,0,0,0,0,0,0,0,0,0,0,0,0,0,0,0,0,1,0,0,0,0,0,0,0,1
16927.77976,2973,Pontiac,Vibe,Sportwagon 4D,Wagon,4,1.8,4,0,0,0,4.2286,0,0,0,1,0,0,0,0,0,0,1,0,0,0,0,0,0,0,0,0,0,0,0,0,0,0,0,0,0,0,0,0,0,0,0,1,0,0,0,0,0,0,0,1
16379.0987,8754,Pontiac,Vibe,Sportwagon 4D,Wagon,4,1.8,4,0,1,0,4.21429,0,0,0,1,0,0,0,0,0,0,1,0,0,0,0,0,0,0,0,0,0,0,0,0,0,0,0,0,0,0,0,0,0,0,0,1,0,0,0,0,0,0,0,1
17214.32508,12610,Pontiac,Vibe,Sportwagon 4D,Wagon,4,1.8,4,1,1,1,4.23589,0,0,0,1,0,0,0,0,0,0,1,0,0,0,0,0,0,0,0,0,0,0,0,0,0,0,0,0,0,0,0,0,0,0,0,1,0,0,0,0,0,0,0,1
14398.92269,21688,Pontiac,Vibe,Sportwagon 4D,Wagon,4,1.8,4,0,0,0,4.15833,0,0,0,1,0,0,0,0,0,0,1,0,0,0,0,0,0,0,0,0,0,0,0,0,0,0,0,0,0,0,0,0,0,0,0,1,0,0,0,0,0,0,0,1
14909.05099,23323,Pontiac,Vibe,Sportwagon 4D,Wagon,4,1.8,4,0,1,1,4.17345,0,0,0,1,0,0,0,0,0,0,1,0,0,0,0,0,0,0,0,0,0,0,0,0,0,0,0,0,0,0,0,0,0,0,0,1,0,0,0,0,0,0,0,1
35622.1395,10340,SAAB,9_3,Linear Conv 2D,Convertible,4,2,2,1,1,0,4.55172,0,0,0,0,1,0,1,0,0,0,0,0,0,0,0,0,0,0,0,0,0,0,0,0,0,0,0,0,0,0,0,0,0,0,0,0,1,0,0,0,0,0,0,1
34355.00373,17711,SAAB,9_3,Linear Conv 2D,Convertible,4,2,2,1,1,0,4.53599,0,0,0,0,1,0,1,0,0,0,0,0,0,0,0,0,0,0,0,0,0,0,0,0,0,0,0,0,0,0,0,0,0,0,0,0,1,0,0,0,0,0,0,1
33540.53611,20925,SAAB,9_3,Linear Conv 2D,Convertible,4,2,2,1,0,1,4.52557,0,0,0,0,1,0,1,0,0,0,0,0,0,0,0,0,0,0,0,0,0,0,0,0,0,0,0,0,0,0,0,0,0,0,0,0,1,0,0,0,0,0,0,1
33287.4096,21661,SAAB,9_3,Linear Conv 2D,Convertible,4,2,2,1,0,1,4.52228,0,0,0,0,1,0,1,0,0,0,0,0,0,0,0,0,0,0,0,0,0,0,0,0,0,0,0,0,0,0,0,0,0,0,0,0,1,0,0,0,0,0,0,1
31969.06981,24559,SAAB,9_3,Linear Conv 2D,Convertible,4,2,2,1,0,0,4.50473,0,0,0,0,1,0,1,0,0,0,0,0,0,0,0,0,0,0,0,0,0,0,0,0,0,0,0,0,0,0,0,0,0,0,0,0,1,0,0,0,0,0,0,1
29246.23734,3907,SAAB,9_3,Linear Sedan 4D,Sedan,4,2,4,1,0,1,4.46607,0,0,0,0,1,0,0,0,0,1,0,0,0,0,0,0,0,0,0,0,0,0,0,0,0,0,0,0,0,0,0,0,0,0,0,0,1,0,0,0,0,0,0,1
26775.03209,16688,SAAB,9_3,Linear Sedan 4D,Sedan,4,2,4,1,0,0,4.42773,0,0,0,0,1,0,0,0,0,1,0,0,0,0,0,0,0,0,0,0,0,0,0,0,0,0,0,0,0,0,0,0,0,0,0,0,1,0,0,0,0,0,0,1
24896.5976,21266,SAAB,9_3,Linear Sedan 4D,Sedan,4,2,4,1,1,0,4.39614,0,0,0,0,1,0,0,0,0,1,0,0,0,0,0,0,0,0,0,0,0,0,0,0,0,0,0,0,0,0,0,0,0,0,0,0,1,0,0,0,0,0,0,1
24801.61719,26345,SAAB,9_3,Linear Sedan 4D,Sedan,4,2,4,1,1,1,4.39448,0,0,0,0,1,0,0,0,0,1,0,0,0,0,0,0,0,0,0,0,0,0,0,0,0,0,0,0,0,0,0,0,0,0,0,0,1,0,0,0,0,0,0,1
23249.84169,27686,SAAB,9_3,Linear Sedan 4D,Sedan,4,2,4,1,0,0,4.36642,0,0,0,0,1,0,0,0,0,1,0,0,0,0,0,0,0,0,0,0,0,0,0,0,0,0,0,0,0,0,0,0,0,0,0,0,1,0,0,0,0,0,0,1
37088.56241,3828,SAAB,9_3 HO,Aero Conv 2D,Convertible,4,2,2,1,1,1,4.56924,0,0,0,0,1,0,1,0,0,0,0,0,0,0,0,0,0,0,0,0,0,0,0,0,0,0,0,0,0,0,0,0,0,0,0,0,0,1,0,0,0,0,0,1
33358.76777,17590,SAAB,9_3 HO,Aero Conv 2D,Convertible,4,2,2,1,1,1,4.52321,0,0,0,0,1,0,1,0,0,0,0,0,0,0,0,0,0,0,0,0,0,0,0,0,0,0,0,0,0,0,0,0,0,0,0,0,0,1,0,0,0,0,0,1
30731.94165,22479,SAAB,9_3 HO,Aero Conv 2D,Convertible,4,2,2,1,0,0,4.48759,0,0,0,0,1,0,1,0,0,0,0,0,0,0,0,0,0,0,0,0,0,0,0,0,0,0,0,0,0,0,0,0,0,0,0,0,0,1,0,0,0,0,0,1
30166.85251,25049,SAAB,9_3 HO,Aero Conv 2D,Convertible,4,2,2,1,0,0,4.47953,0,0,0,0,1,0,1,0,0,0,0,0,0,0,0,0,0,0,0,0,0,0,0,0,0,0,0,0,0,0,0,0,0,0,0,0,0,1,0,0,0,0,0,1
29142.71439,31655,SAAB,9_3 HO,Aero Conv 2D,Convertible,4,2,2,1,1,1,4.46453,0,0,0,0,1,0,1,0,0,0,0,0,0,0,0,0,0,0,0,0,0,0,0,0,0,0,0,0,0,0,0,0,0,0,0,0,0,1,0,0,0,0,0,1
26841.08084,10003,SAAB,9_3 HO,Aero Sedan 4D,Sedan,4,2,4,1,1,0,4.4288,0,0,0,0,1,0,0,0,0,1,0,0,0,0,0,0,0,0,0,0,0,0,0,0,0,0,0,0,0,0,0,0,0,0,0,0,0,1,0,0,0,0,0,1
27284.75133,14281,SAAB,9_3 HO,Aero Sedan 4D,Sedan,4,2,4,1,1,1,4.43592,0,0,0,0,1,0,0,0,0,1,0,0,0,0,0,0,0,0,0,0,0,0,0,0,0,0,0,0,0,0,0,0,0,0,0,0,0,1,0,0,0,0,0,1
25618.28188,20208,SAAB,9_3 HO,Aero Sedan 4D,Sedan,4,2,4,1,0,1,4.40855,0,0,0,0,1,0,0,0,0,1,0,0,0,0,0,0,0,0,0,0,0,0,0,0,0,0,0,0,0,0,0,0,0,0,0,0,0,1,0,0,0,0,0,1
25148.37919,22272,SAAB,9_3 HO,Aero Sedan 4D,Sedan,4,2,4,1,1,1,4.40051,0,0,0,0,1,0,0,0,0,1,0,0,0,0,0,0,0,0,0,0,0,0,0,0,0,0,0,0,0,0,0,0,0,0,0,0,0,1,0,0,0,0,0,1
24173.52588,27015,SAAB,9_3 HO,Aero Sedan 4D,Sedan,4,2,4,1,0,0,4.38334,0,0,0,0,1,0,0,0,0,1,0,0,0,0,0,0,0,0,0,0,0,0,0,0,0,0,0,0,0,0,0,0,0,0,0,0,0,1,0,0,0,0,0,1
38324.80908,12090,SAAB,9_3 HO,Arc Conv 2D,Convertible,4,2,2,1,1,1,4.58348,0,0,0,0,1,0,1,0,0,0,0,0,0,0,0,0,0,0,0,0,0,0,0,0,0,0,0,0,0,0,0,0,0,0,0,0,0,1,0,0,0,0,0,1
37383.50349,16088,SAAB,9_3 HO,Arc Conv 2D,Convertible,4,2,2,1,0,1,4.57268,0,0,0,0,1,0,1,0,0,0,0,0,0,0,0,0,0,0,0,0,0,0,0,0,0,0,0,0,0,0,0,0,0,0,0,0,0,1,0,0,0,0,0,1
35580.33231,21167,SAAB,9_3 HO,Arc Conv 2D,Convertible,4,2,2,1,1,0,4.55121,0,0,0,0,1,0,1,0,0,0,0,0,0,0,0,0,0,0,0,0,0,0,0,0,0,0,0,0,0,0,0,0,0,0,0,0,0,1,0,0,0,0,0,1
34392.99527,24031,SAAB,9_3 HO,Arc Conv 2D,Convertible,4,2,2,1,0,1,4.53647,0,0,0,0,1,0,1,0,0,0,0,0,0,0,0,0,0,0,0,0,0,0,0,0,0,0,0,0,0,0,0,0,0,0,0,0,0,1,0,0,0,0,0,1
33248.34252,27051,SAAB,9_3 HO,Arc Conv 2D,Convertible,4,2,2,1,0,1,4.52177,0,0,0,0,1,0,1,0,0,0,0,0,0,0,0,0,0,0,0,0,0,0,0,0,0,0,0,0,0,0,0,0,0,0,0,0,0,1,0,0,0,0,0,1
32197.34047,3867,SAAB,9_3 HO,Arc Sedan 4D,Sedan,4,2,4,1,1,0,4.50782,0,0,0,0,1,0,0,0,0,1,0,0,0,0,0,0,0,0,0,0,0,0,0,0,0,0,0,0,0,0,0,0,0,0,0,0,0,1,0,0,0,0,0,1
30274.71058,10800,SAAB,9_3 HO,Arc Sedan 4D,Sedan,4,2,4,1,1,0,4.48108,0,0,0,0,1,0,0,0,0,1,0,0,0,0,0,0,0,0,0,0,0,0,0,0,0,0,0,0,0,0,0,0,0,0,0,0,0,1,0,0,0,0,0,1
30122.42974,14568,SAAB,9_3 HO,Arc Sedan 4D,Sedan,4,2,4,1,1,1,4.47889,0,0,0,0,1,0,0,0,0,1,0,0,0,0,0,0,0,0,0,0,0,0,0,0,0,0,0,0,0,0,0,0,0,0,0,0,0,1,0,0,0,0,0,1
28291.76226,22328,SAAB,9_3 HO,Arc Sedan 4D,Sedan,4,2,4,1,1,0,4.45166,0,0,0,0,1,0,0,0,0,1,0,0,0,0,0,0,0,0,0,0,0,0,0,0,0,0,0,0,0,0,0,0,0,0,0,0,0,1,0,0,0,0,0,1
27256.49451,26400,SAAB,9_3 HO,Arc Sedan 4D,Sedan,4,2,4,1,1,0,4.43547,0,0,0,0,1,0,0,0,0,1,0,0,0,0,0,0,0,0,0,0,0,0,0,0,0,0,0,0,0,0,0,0,0,0,0,0,0,1,0,0,0,0,0,1
35033.21545,1676,SAAB,9_5,Arc Sedan 4D,Sedan,4,2.3,4,1,1,1,4.54448,0,0,0,0,1,0,0,0,0,1,0,0,0,0,0,0,0,0,0,0,0,0,0,0,0,0,0,0,0,0,0,0,0,0,0,0,0,0,1,0,0,0,0,1
33183.3326,9795,SAAB,9_5,Arc Sedan 4D,Sedan,4,2.3,4,1,1,1,4.52092,0,0,0,0,1,0,0,0,0,1,0,0,0,0,0,0,0,0,0,0,0,0,0,0,0,0,0,0,0,0,0,0,0,0,0,0,0,0,1,0,0,0,0,1
30075.99473,22052,SAAB,9_5,Arc Sedan 4D,Sedan,4,2.3,4,1,1,1,4.47822,0,0,0,0,1,0,0,0,0,1,0,0,0,0,0,0,0,0,0,0,0,0,0,0,0,0,0,0,0,0,0,0,0,0,0,0,0,0,1,0,0,0,0,1
28432.82421,25247,SAAB,9_5,Arc Sedan 4D,Sedan,4,2.3,4,1,1,1,4.45382,0,0,0,0,1,0,0,0,0,1,0,0,0,0,0,0,0,0,0,0,0,0,0,0,0,0,0,0,0,0,0,0,0,0,0,0,0,0,1,0,0,0,0,1
28502.96241,28598,SAAB,9_5,Arc Sedan 4D,Sedan,4,2.3,4,1,1,1,4.45489,0,0,0,0,1,0,0,0,0,1,0,0,0,0,0,0,0,0,0,0,0,0,0,0,0,0,0,0,0,0,0,0,0,0,0,0,0,0,1,0,0,0,0,1
31849.30795,16956,SAAB,9_5,Arc Wagon 4D,Wagon,4,2.3,4,1,0,1,4.5031,0,0,0,0,1,0,0,0,0,0,1,0,0,0,0,0,0,0,0,0,0,0,0,0,0,0,0,0,0,0,0,0,0,0,0,0,0,0,1,0,0,0,0,1
29961.25494,20015,SAAB,9_5,Arc Wagon 4D,Wagon,4,2.3,4,1,1,1,4.47656,0,0,0,0,1,0,0,0,0,0,1,0,0,0,0,0,0,0,0,0,0,0,0,0,0,0,0,0,0,0,0,0,0,0,0,0,0,0,1,0,0,0,0,1
29914.37958,22105,SAAB,9_5,Arc Wagon 4D,Wagon,4,2.3,4,1,0,1,4.47588,0,0,0,0,1,0,0,0,0,0,1,0,0,0,0,0,0,0,0,0,0,0,0,0,0,0,0,0,0,0,0,0,0,0,0,0,0,0,1,0,0,0,0,1
30271.9223,23426,SAAB,9_5,Arc Wagon 4D,Wagon,4,2.3,4,1,1,1,4.48104,0,0,0,0,1,0,0,0,0,0,1,0,0,0,0,0,0,0,0,0,0,0,0,0,0,0,0,0,0,0,0,0,0,0,0,0,0,0,1,0,0,0,0,1
28829.028,26503,SAAB,9_5,Arc Wagon 4D,Wagon,4,2.3,4,1,0,1,4.45983,0,0,0,0,1,0,0,0,0,0,1,0,0,0,0,0,0,0,0,0,0,0,0,0,0,0,0,0,0,0,0,0,0,0,0,0,0,0,1,0,0,0,0,1
33005.77996,6409,SAAB,9_5,Linear Wagon 4D,Wagon,4,2.3,4,1,1,1,4.51859,0,0,0,0,1,0,0,0,0,0,1,0,0,0,0,0,0,0,0,0,0,0,0,0,0,0,0,0,0,0,0,0,0,0,0,0,0,0,1,0,0,0,0,1
30443.8799,15050,SAAB,9_5,Linear Wagon 4D,Wagon,4,2.3,4,1,0,1,4.4835,0,0,0,0,1,0,0,0,0,0,1,0,0,0,0,0,0,0,0,0,0,0,0,0,0,0,0,0,0,0,0,0,0,0,0,0,0,0,1,0,0,0,0,1
31153.00896,17317,SAAB,9_5,Linear Wagon 4D,Wagon,4,2.3,4,1,0,1,4.4935,0,0,0,0,1,0,0,0,0,0,1,0,0,0,0,0,0,0,0,0,0,0,0,0,0,0,0,0,0,0,0,0,0,0,0,0,0,0,1,0,0,0,0,1
31156.59579,18805,SAAB,9_5,Linear Wagon 4D,Wagon,4,2.3,4,1,1,1,4.49355,0,0,0,0,1,0,0,0,0,0,1,0,0,0,0,0,0,0,0,0,0,0,0,0,0,0,0,0,0,0,0,0,0,0,0,0,0,0,1,0,0,0,0,1
25845.20611,36557,SAAB,9_5,Linear Wagon 4D,Wagon,4,2.3,4,1,1,1,4.41238,0,0,0,0,1,0,0,0,0,0,1,0,0,0,0,0,0,0,0,0,0,0,0,0,0,0,0,0,0,0,0,0,0,0,0,0,0,0,1,0,0,0,0,1
30800.65839,8017,SAAB,9_5 HO,Aero Sedan 4D,Sedan,4,2.3,4,1,0,1,4.48856,0,0,0,0,1,0,0,0,0,1,0,0,0,0,0,0,0,0,0,0,0,0,0,0,0,0,0,0,0,0,0,0,0,0,0,0,0,0,0,1,0,0,0,1
28185.77625,19854,SAAB,9_5 HO,Aero Sedan 4D,Sedan,4,2.3,4,1,1,1,4.45003,0,0,0,0,1,0,0,0,0,1,0,0,0,0,0,0,0,0,0,0,0,0,0,0,0,0,0,0,0,0,0,0,0,0,0,0,0,0,0,1,0,0,0,1
26653.23939,22590,SAAB,9_5 HO,Aero Sedan 4D,Sedan,4,2.3,4,1,1,1,4.42575,0,0,0,0,1,0,0,0,0,1,0,0,0,0,0,0,0,0,0,0,0,0,0,0,0,0,0,0,0,0,0,0,0,0,0,0,0,0,0,1,0,0,0,1
26698.07815,23055,SAAB,9_5 HO,Aero Sedan 4D,Sedan,4,2.3,4,1,1,1,4.42648,0,0,0,0,1,0,0,0,0,1,0,0,0,0,0,0,0,0,0,0,0,0,0,0,0,0,0,0,0,0,0,0,0,0,0,0,0,0,0,1,0,0,0,1
27703.204,24738,SAAB,9_5 HO,Aero Sedan 4D,Sedan,4,2.3,4,1,1,1,4.44253,0,0,0,0,1,0,0,0,0,1,0,0,0,0,0,0,0,0,0,0,0,0,0,0,0,0,0,0,0,0,0,0,0,0,0,0,0,0,0,1,0,0,0,1
30959.93213,17673,SAAB,9_5 HO,Aero Wagon 4D,Wagon,4,2.3,4,1,1,1,4.4908,0,0,0,0,1,0,0,0,0,0,1,0,0,0,0,0,0,0,0,0,0,0,0,0,0,0,0,0,0,0,0,0,0,0,0,0,0,0,0,1,0,0,0,1
29908.18098,19830,SAAB,9_5 HO,Aero Wagon 4D,Wagon,4,2.3,4,1,1,1,4.47579,0,0,0,0,1,0,0,0,0,0,1,0,0,0,0,0,0,0,0,0,0,0,0,0,0,0,0,0,0,0,0,0,0,0,0,0,0,0,0,1,0,0,0,1
29197.7913,20907,SAAB,9_5 HO,Aero Wagon 4D,Wagon,4,2.3,4,1,0,1,4.46535,0,0,0,0,1,0,0,0,0,0,1,0,0,0,0,0,0,0,0,0,0,0,0,0,0,0,0,0,0,0,0,0,0,0,0,0,0,0,0,1,0,0,0,1
29481.52876,21822,SAAB,9_5 HO,Aero Wagon 4D,Wagon,4,2.3,4,1,1,1,4.46955,0,0,0,0,1,0,0,0,0,0,1,0,0,0,0,0,0,0,0,0,0,0,0,0,0,0,0,0,0,0,0,0,0,0,0,0,0,0,0,1,0,0,0,1
27788.81324,26786,SAAB,9_5 HO,Aero Wagon 4D,Wagon,4,2.3,4,1,0,1,4.44387,0,0,0,0,1,0,0,0,0,0,1,0,0,0,0,0,0,0,0,0,0,0,0,0,0,0,0,0,0,0,0,0,0,0,0,0,0,0,0,1,0,0,0,1
27280.98206,4836,SAAB,9-2X AWD,Linear Wagon 4D,Wagon,4,2.5,4,1,1,0,4.43586,0,0,0,0,1,0,0,0,0,0,1,0,0,0,0,0,0,0,0,0,0,0,0,0,0,0,0,0,0,0,0,0,0,0,0,0,0,0,0,0,1,0,0,1
23274.48071,21616,SAAB,9-2X AWD,Linear Wagon 4D,Wagon,4,2.5,4,1,1,0,4.36688,0,0,0,0,1,0,0,0,0,0,1,0,0,0,0,0,0,0,0,0,0,0,0,0,0,0,0,0,0,0,0,0,0,0,0,0,0,0,0,0,1,0,0,1
16916.86954,2879,Saturn,Ion,Quad Coupe 2D,Coupe,4,2.2,2,1,0,1,4.22832,0,0,0,0,0,1,0,1,0,0,0,0,0,0,0,0,0,0,0,0,0,0,0,0,0,0,0,0,0,0,0,0,0,0,0,0,0,0,0,0,0,1,0,1
16256.23617,10555,Saturn,Ion,Quad Coupe 2D,Coupe,4,2.2,2,0,0,1,4.21102,0,0,0,0,0,1,0,1,0,0,0,0,0,0,0,0,0,0,0,0,0,0,0,0,0,0,0,0,0,0,0,0,0,0,0,0,0,0,0,0,0,1,0,1
14881.95545,14376,Saturn,Ion,Quad Coupe 2D,Coupe,4,2.2,2,0,0,0,4.17266,0,0,0,0,0,1,0,1,0,0,0,0,0,0,0,0,0,0,0,0,0,0,0,0,0,0,0,0,0,0,0,0,0,0,0,0,0,0,0,0,0,1,0,1
14702.79832,17656,Saturn,Ion,Quad Coupe 2D,Coupe,4,2.2,2,1,1,0,4.1674,0,0,0,0,0,1,0,1,0,0,0,0,0,0,0,0,0,0,0,0,0,0,0,0,0,0,0,0,0,0,0,0,0,0,0,0,0,0,0,0,0,1,0,1
13991.04006,21020,Saturn,Ion,Quad Coupe 2D,Coupe,4,2.2,2,0,1,0,4.14585,0,0,0,0,0,1,0,1,0,0,0,0,0,0,0,0,0,0,0,0,0,0,0,0,0,0,0,0,0,0,0,0,0,0,0,0,0,0,0,0,0,1,0,1
13719.23831,23645,Saturn,Ion,Quad Coupe 2D,Coupe,4,2.2,2,0,0,0,4.13733,0,0,0,0,0,1,0,1,0,0,0,0,0,0,0,0,0,0,0,0,0,0,0,0,0,0,0,0,0,0,0,0,0,0,0,0,0,0,0,0,0,1,0,1
13518.23525,25981,Saturn,Ion,Quad Coupe 2D,Coupe,4,2.2,2,1,1,0,4.13092,0,0,0,0,0,1,0,1,0,0,0,0,0,0,0,0,0,0,0,0,0,0,0,0,0,0,0,0,0,0,0,0,0,0,0,0,0,0,0,0,0,1,0,1
13811.15502,26236,Saturn,Ion,Quad Coupe 2D,Coupe,4,2.2,2,0,1,1,4.14023,0,0,0,0,0,1,0,1,0,0,0,0,0,0,0,0,0,0,0,0,0,0,0,0,0,0,0,0,0,0,0,0,0,0,0,0,0,0,0,0,0,1,0,1
14411.85885,26986,Saturn,Ion,Quad Coupe 2D,Coupe,4,2.2,2,1,0,1,4.15872,0,0,0,0,0,1,0,1,0,0,0,0,0,0,0,0,0,0,0,0,0,0,0,0,0,0,0,0,0,0,0,0,0,0,0,0,0,0,0,0,0,1,0,1
13032.8681,30108,Saturn,Ion,Quad Coupe 2D,Coupe,4,2.2,2,1,1,1,4.11504,0,0,0,0,0,1,0,1,0,0,0,0,0,0,0,0,0,0,0,0,0,0,0,0,0,0,0,0,0,0,0,0,0,0,0,0,0,0,0,0,0,1,0,1
14739.06724,1737,Saturn,Ion,Sedan 4D,Sedan,4,2.2,4,0,0,1,4.16847,0,0,0,0,0,1,0,0,0,1,0,0,0,0,0,0,0,0,0,0,0,0,0,0,0,0,0,0,0,0,0,0,0,0,0,0,0,0,0,0,0,1,0,1
14202.99715,11836,Saturn,Ion,Sedan 4D,Sedan,4,2.2,4,0,0,0,4.15238,0,0,0,0,0,1,0,0,0,1,0,0,0,0,0,0,0,0,0,0,0,0,0,0,0,0,0,0,0,0,0,0,0,0,0,0,0,0,0,0,0,1,0,1
14116.92151,12878,Saturn,Ion,Sedan 4D,Sedan,4,2.2,4,1,0,0,4.14974,0,0,0,0,0,1,0,0,0,1,0,0,0,0,0,0,0,0,0,0,0,0,0,0,0,0,0,0,0,0,0,0,0,0,0,0,0,0,0,0,0,1,0,1
13258.36589,14938,Saturn,Ion,Sedan 4D,Sedan,4,2.2,4,1,1,1,4.12249,0,0,0,0,0,1,0,0,0,1,0,0,0,0,0,0,0,0,0,0,0,0,0,0,0,0,0,0,0,0,0,0,0,0,0,0,0,0,0,0,0,1,0,1
12293.05996,17139,Saturn,Ion,Sedan 4D,Sedan,4,2.2,4,1,0,1,4.08966,0,0,0,0,0,1,0,0,0,1,0,0,0,0,0,0,0,0,0,0,0,0,0,0,0,0,0,0,0,0,0,0,0,0,0,0,0,0,0,0,0,1,0,1
14568.00225,18511,Saturn,Ion,Sedan 4D,Sedan,4,2.2,4,0,1,1,4.1634,0,0,0,0,0,1,0,0,0,1,0,0,0,0,0,0,0,0,0,0,0,0,0,0,0,0,0,0,0,0,0,0,0,0,0,0,0,0,0,0,0,1,0,1
13494.28878,19500,Saturn,Ion,Sedan 4D,Sedan,4,2.2,4,1,0,1,4.13015,0,0,0,0,0,1,0,0,0,1,0,0,0,0,0,0,0,0,0,0,0,0,0,0,0,0,0,0,0,0,0,0,0,0,0,0,0,0,0,0,0,1,0,1
12162.14005,21770,Saturn,Ion,Sedan 4D,Sedan,4,2.2,4,0,1,0,4.08501,0,0,0,0,0,1,0,0,0,1,0,0,0,0,0,0,0,0,0,0,0,0,0,0,0,0,0,0,0,0,0,0,0,0,0,0,0,0,0,0,0,1,0,1
12099.01458,22758,Saturn,Ion,Sedan 4D,Sedan,4,2.2,4,1,1,0,4.08275,0,0,0,0,0,1,0,0,0,1,0,0,0,0,0,0,0,0,0,0,0,0,0,0,0,0,0,0,0,0,0,0,0,0,0,0,0,0,0,0,0,1,0,1
11679.92355,23388,Saturn,Ion,Sedan 4D,Sedan,4,2.2,4,0,0,0,4.06744,0,0,0,0,0,1,0,0,0,1,0,0,0,0,0,0,0,0,0,0,0,0,0,0,0,0,0,0,0,0,0,0,0,0,0,0,0,0,0,0,0,1,0,1
12412.52111,24664,Saturn,Ion,Sedan 4D,Sedan,4,2.2,4,0,1,1,4.09386,0,0,0,0,0,1,0,0,0,1,0,0,0,0,0,0,0,0,0,0,0,0,0,0,0,0,0,0,0,0,0,0,0,0,0,0,0,0,0,0,0,1,0,1
12594.18301,26328,Saturn,Ion,Sedan 4D,Sedan,4,2.2,4,0,0,1,4.10017,0,0,0,0,0,1,0,0,0,1,0,0,0,0,0,0,0,0,0,0,0,0,0,0,0,0,0,0,0,0,0,0,0,0,0,0,0,0,0,0,0,1,0,1
11873.53399,28398,Saturn,Ion,Sedan 4D,Sedan,4,2.2,4,0,0,0,4.07458,0,0,0,0,0,1,0,0,0,1,0,0,0,0,0,0,0,0,0,0,0,0,0,0,0,0,0,0,0,0,0,0,0,0,0,0,0,0,0,0,0,1,0,1
10563.06616,32458,Saturn,Ion,Sedan 4D,Sedan,4,2.2,4,0,0,0,4.02379,0,0,0,0,0,1,0,0,0,1,0,0,0,0,0,0,0,0,0,0,0,0,0,0,0,0,0,0,0,0,0,0,0,0,0,0,0,0,0,0,0,1,0,1
11504.82455,33962,Saturn,Ion,Sedan 4D,Sedan,4,2.2,4,0,0,0,4.06088,0,0,0,0,0,1,0,0,0,1,0,0,0,0,0,0,0,0,0,0,0,0,0,0,0,0,0,0,0,0,0,0,0,0,0,0,0,0,0,0,0,1,0,1
18173.97808,5826,Saturn,L Series,L300 Sedan 4D,Sedan,6,3,4,1,1,1,4.25945,0,0,0,0,0,1,0,0,0,1,0,0,0,0,0,0,0,0,0,0,0,0,0,0,0,0,0,0,0,0,0,0,0,0,0,0,0,0,0,0,0,0,1,1
17322.0784,10102,Saturn,L Series,L300 Sedan 4D,Sedan,6,3,4,1,0,1,4.2386,0,0,0,0,0,1,0,0,0,1,0,0,0,0,0,0,0,0,0,0,0,0,0,0,0,0,0,0,0,0,0,0,0,0,0,0,0,0,0,0,0,0,1,1
16425.1748,14242,Saturn,L Series,L300 Sedan 4D,Sedan,6,3,4,1,0,0,4.21551,0,0,0,0,0,1,0,0,0,1,0,0,0,0,0,0,0,0,0,0,0,0,0,0,0,0,0,0,0,0,0,0,0,0,0,0,0,0,0,0,0,0,1,1
16175.9576,19095,Saturn,L Series,L300 Sedan 4D,Sedan,6,3,4,1,1,0,4.20887,0,0,0,0,0,1,0,0,0,1,0,0,0,0,0,0,0,0,0,0,0,0,0,0,0,0,0,0,0,0,0,0,0,0,0,0,0,0,0,0,0,0,1,1
15118.89323,25979,Saturn,L Series,L300 Sedan 4D,Sedan,6,3,4,1,1,0,4.17952,0,0,0,0,0,1,0,0,0,1,0,0,0,0,0,0,0,0,0,0,0,0,0,0,0,0,0,0,0,0,0,0,0,0,0,0,0,0,0,0,0,0,1,1
